"","nicheout$RAINFALL"
"1",0.400000005960464
"2",0
"3",0
"4",4.90000009536743
"5",45.2000007629395
"6",0.699999988079071
"7",0.200000002980232
"8",0
"9",0
"10",0
"11",0
"12",0
"13",0.200000002980232
"14",0
"15",0
"16",0
"17",0
"18",0.100000001490116
"19",0.5
"20",0
"21",0.400000005960464
"22",0.100000001490116
"23",3.79999995231628
"24",0.5
"25",0.100000001490116
"26",1.29999995231628
"27",14.6000003814697
"28",0.300000011920929
"29",0.200000002980232
"30",0
"31",0
"32",0
"33",0
"34",0
"35",0
"36",3
"37",0.300000011920929
"38",0
"39",0
"40",0.699999988079071
"41",0.200000002980232
"42",4.40000009536743
"43",0.5
"44",0.100000001490116
"45",0
"46",0
"47",0
"48",0
"49",0
"50",0.699999988079071
"51",4.59999990463257
"52",0.100000001490116
"53",0.200000002980232
"54",0.400000005960464
"55",0.300000011920929
"56",1.20000004768372
"57",6.69999980926514
"58",0.400000005960464
"59",0
"60",0
"61",0
"62",0.100000001490116
"63",5.90000009536743
"64",0
"65",0.600000023841858
"66",0
"67",0.5
"68",0
"69",1.70000004768372
"70",0.300000011920929
"71",0.600000023841858
"72",0
"73",1.79999995231628
"74",0
"75",0
"76",0
"77",3.5
"78",1.10000002384186
"79",0.100000001490116
"80",0.100000001490116
"81",0.100000001490116
"82",6.59999990463257
"83",0
"84",0
"85",0
"86",0.100000001490116
"87",0.300000011920929
"88",0
"89",0
"90",0.200000002980232
"91",1.29999995231628
"92",0
"93",0
"94",0
"95",0.100000001490116
"96",0.200000002980232
"97",0.100000001490116
"98",0
"99",0
"100",0
"101",0
"102",0
"103",0
"104",4.5
"105",0
"106",2.09999990463257
"107",1.20000004768372
"108",0
"109",0.200000002980232
"110",0
"111",0.200000002980232
"112",0.200000002980232
"113",0
"114",0
"115",0.400000005960464
"116",0
"117",0
"118",0
"119",0
"120",0.100000001490116
"121",1.39999997615814
"122",0.100000001490116
"123",0.400000005960464
"124",0.600000023841858
"125",2.20000004768372
"126",0.100000001490116
"127",0.100000001490116
"128",0
"129",1.5
"130",0
"131",0
"132",0
"133",1.29999995231628
"134",0.5
"135",0.800000011920929
"136",0.100000001490116
"137",3.09999990463257
"138",0
"139",3.29999995231628
"140",2
"141",0.200000002980232
"142",0
"143",0.300000011920929
"144",0
"145",0
"146",0
"147",0.300000011920929
"148",1.20000004768372
"149",8.39999961853027
"150",18.2999992370605
"151",1.89999997615814
"152",1.60000002384186
"153",8.69999980926514
"154",0
"155",0
"156",0.200000002980232
"157",1.29999995231628
"158",0.100000001490116
"159",0
"160",0.699999988079071
"161",0.300000011920929
"162",0.300000011920929
"163",0.100000001490116
"164",0.100000001490116
"165",0
"166",0
"167",0
"168",0.200000002980232
"169",0
"170",0
"171",0
"172",0
"173",0.100000001490116
"174",0.400000005960464
"175",0.100000001490116
"176",0.300000011920929
"177",0.100000001490116
"178",0.100000001490116
"179",0
"180",0
"181",0.200000002980232
"182",0
"183",0.600000023841858
"184",1.60000002384186
"185",0.899999976158142
"186",0.400000005960464
"187",0
"188",0.600000023841858
"189",0.400000005960464
"190",23.2000007629395
"191",8.89999961853027
"192",0.200000002980232
"193",1.20000004768372
"194",1.39999997615814
"195",0.400000005960464
"196",0
"197",0.5
"198",0.100000001490116
"199",0.899999976158142
"200",0.600000023841858
"201",4
"202",4.5
"203",0.100000001490116
"204",0
"205",4.69999980926514
"206",0.100000001490116
"207",4.90000009536743
"208",15
"209",0.100000001490116
"210",0
"211",0
"212",0.5
"213",0.899999976158142
"214",0.100000001490116
"215",0
"216",0
"217",0
"218",0.100000001490116
"219",0
"220",0.100000001490116
"221",0.600000023841858
"222",0.200000002980232
"223",0.300000011920929
"224",0.100000001490116
"225",0
"226",0
"227",0
"228",0.100000001490116
"229",0
"230",0.100000001490116
"231",0
"232",0
"233",10.8000001907349
"234",4.30000019073486
"235",6.40000009536743
"236",10.3000001907349
"237",26.8999996185303
"238",15.1999998092651
"239",1
"240",0
"241",0
"242",0.200000002980232
"243",0.800000011920929
"244",0
"245",0.200000002980232
"246",3.09999990463257
"247",1
"248",0
"249",0.300000011920929
"250",0
"251",0.300000011920929
"252",5.5
"253",1.10000002384186
"254",6.09999990463257
"255",0.200000002980232
"256",0
"257",0
"258",2.09999990463257
"259",0.100000001490116
"260",0
"261",0.600000023841858
"262",0.100000001490116
"263",0.400000005960464
"264",0.600000023841858
"265",0.100000001490116
"266",0.200000002980232
"267",6.90000009536743
"268",0.100000001490116
"269",0.800000011920929
"270",3.29999995231628
"271",1.29999995231628
"272",0.200000002980232
"273",2.09999990463257
"274",3.29999995231628
"275",2.29999995231628
"276",0.200000002980232
"277",0
"278",0
"279",2.20000004768372
"280",0.400000005960464
"281",2.20000004768372
"282",1
"283",1.10000002384186
"284",0.899999976158142
"285",0
"286",0.899999976158142
"287",27.2999992370605
"288",0.800000011920929
"289",0
"290",0.100000001490116
"291",0
"292",1.60000002384186
"293",1.10000002384186
"294",0
"295",0
"296",0
"297",3.70000004768372
"298",20
"299",19.7999992370605
"300",4.5
"301",1.39999997615814
"302",1.70000004768372
"303",0.400000005960464
"304",0.100000001490116
"305",0
"306",0.600000023841858
"307",5.59999990463257
"308",1.39999997615814
"309",0.100000001490116
"310",0.600000023841858
"311",0.600000023841858
"312",0.400000005960464
"313",1.20000004768372
"314",0
"315",0
"316",7
"317",0.800000011920929
"318",0.400000005960464
"319",0
"320",0
"321",1.29999995231628
"322",2.29999995231628
"323",0
"324",0.899999976158142
"325",0
"326",0
"327",0
"328",0
"329",0
"330",0.800000011920929
"331",0
"332",1
"333",0.100000001490116
"334",1.89999997615814
"335",1.10000002384186
"336",0.200000002980232
"337",0
"338",0.800000011920929
"339",0
"340",0.200000002980232
"341",0
"342",2.5
"343",4.69999980926514
"344",0
"345",0
"346",0
"347",0
"348",0.100000001490116
"349",0.400000005960464
"350",0.300000011920929
"351",1.5
"352",0
"353",0.899999976158142
"354",0
"355",0
"356",2.20000004768372
"357",0.800000011920929
"358",8.39999961853027
"359",1
"360",0
"361",2.29999995231628
"362",1.5
"363",2.09999990463257
"364",0.5
"365",0
"366",1.20000004768372
"367",1.29999995231628
"368",4
"369",0
"370",1.89999997615814
"371",0.699999988079071
"372",0
"373",0.100000001490116
"374",0
"375",0
"376",0
"377",0
"378",0
"379",0.100000001490116
"380",0.800000011920929
"381",1.70000004768372
"382",2.29999995231628
"383",1.89999997615814
"384",0
"385",0
"386",0
"387",0
"388",0
"389",0.200000002980232
"390",7.69999980926514
"391",1.79999995231628
"392",2.40000009536743
"393",0
"394",0.400000005960464
"395",0.200000002980232
"396",0
"397",0
"398",0
"399",0
"400",0
"401",0.699999988079071
"402",0
"403",0
"404",0
"405",2
"406",0
"407",0
"408",0
"409",1.79999995231628
"410",4.40000009536743
"411",0
"412",0.100000001490116
"413",0
"414",0
"415",0
"416",0.5
"417",0.400000005960464
"418",0
"419",0
"420",0
"421",0
"422",0
"423",0
"424",0
"425",0.800000011920929
"426",0
"427",0
"428",0
"429",0.100000001490116
"430",0
"431",0
"432",0.800000011920929
"433",1.39999997615814
"434",1.29999995231628
"435",1.79999995231628
"436",0.200000002980232
"437",1.5
"438",0
"439",0
"440",0
"441",14.1000003814697
"442",4
"443",0.300000011920929
"444",2.59999990463257
"445",0.899999976158142
"446",14.1999998092651
"447",15.5
"448",3.09999990463257
"449",0.300000011920929
"450",0
"451",0.200000002980232
"452",0.300000011920929
"453",0
"454",0
"455",0
"456",0
"457",0.100000001490116
"458",0
"459",0
"460",0
"461",0
"462",0
"463",0
"464",15.3000001907349
"465",0.699999988079071
"466",2.29999995231628
"467",6.19999980926514
"468",0
"469",0
"470",0.100000001490116
"471",0.200000002980232
"472",0.200000002980232
"473",0
"474",5.59999990463257
"475",0.100000001490116
"476",0
"477",0
"478",1
"479",42.7000007629395
"480",7.59999990463257
"481",0.899999976158142
"482",0.200000002980232
"483",0
"484",0
"485",0
"486",0.100000001490116
"487",0.800000011920929
"488",0
"489",0
"490",0
"491",0
"492",0
"493",0
"494",0
"495",1.70000004768372
"496",0.699999988079071
"497",0
"498",0.400000005960464
"499",0
"500",0
"501",3.79999995231628
"502",13.8999996185303
"503",1.60000002384186
"504",0
"505",0
"506",0.5
"507",1.20000004768372
"508",0
"509",0.5
"510",1.5
"511",0.899999976158142
"512",2.59999990463257
"513",3.20000004768372
"514",0.100000001490116
"515",0.200000002980232
"516",0.400000005960464
"517",0.200000002980232
"518",1.29999995231628
"519",1.60000002384186
"520",0.600000023841858
"521",0.100000001490116
"522",0.5
"523",6.30000019073486
"524",2
"525",5.69999980926514
"526",0.400000005960464
"527",0.100000001490116
"528",0
"529",0
"530",0.5
"531",2.40000009536743
"532",3
"533",1
"534",0
"535",0
"536",0
"537",0.400000005960464
"538",0
"539",0.699999988079071
"540",0
"541",4.40000009536743
"542",6.19999980926514
"543",0.200000002980232
"544",0.100000001490116
"545",1.39999997615814
"546",0.300000011920929
"547",0.200000002980232
"548",0.100000001490116
"549",0
"550",0.200000002980232
"551",1.20000004768372
"552",16
"553",11.1999998092651
"554",1.20000004768372
"555",0.400000005960464
"556",3.29999995231628
"557",1.89999997615814
"558",6
"559",3.20000004768372
"560",3.5
"561",0.100000001490116
"562",0.899999976158142
"563",0.5
"564",1.79999995231628
"565",0.800000011920929
"566",0.400000005960464
"567",0.400000005960464
"568",0
"569",0
"570",0
"571",0
"572",0
"573",0
"574",0.100000001490116
"575",0
"576",0.100000001490116
"577",0
"578",5.19999980926514
"579",0
"580",0
"581",1.20000004768372
"582",0
"583",6.69999980926514
"584",4.40000009536743
"585",0.100000001490116
"586",0.100000001490116
"587",1.89999997615814
"588",0
"589",0.100000001490116
"590",0.5
"591",0
"592",1.39999997615814
"593",1.10000002384186
"594",2.40000009536743
"595",9.10000038146973
"596",0.899999976158142
"597",1.5
"598",0.300000011920929
"599",4.69999980926514
"600",6.59999990463257
"601",0.200000002980232
"602",0
"603",0
"604",1.10000002384186
"605",34.0999984741211
"606",2.29999995231628
"607",0.400000005960464
"608",0.200000002980232
"609",4
"610",5.90000009536743
"611",1.20000004768372
"612",0.300000011920929
"613",0
"614",0.600000023841858
"615",0
"616",1.5
"617",3.70000004768372
"618",2.09999990463257
"619",0.100000001490116
"620",0
"621",0.200000002980232
"622",3.70000004768372
"623",0
"624",0.899999976158142
"625",3.59999990463257
"626",0
"627",0
"628",0
"629",0.899999976158142
"630",0.200000002980232
"631",5.19999980926514
"632",7.59999990463257
"633",0.100000001490116
"634",3.40000009536743
"635",0
"636",0
"637",0.200000002980232
"638",0.300000011920929
"639",1.20000004768372
"640",0.200000002980232
"641",2.59999990463257
"642",8
"643",0.300000011920929
"644",0.300000011920929
"645",6.40000009536743
"646",8.39999961853027
"647",0.699999988079071
"648",0
"649",0
"650",29.2999992370605
"651",11
"652",5.69999980926514
"653",0.600000023841858
"654",0.5
"655",0.899999976158142
"656",0.600000023841858
"657",0.5
"658",1.5
"659",0
"660",0
"661",0
"662",0.100000001490116
"663",2.59999990463257
"664",1.60000002384186
"665",3.5
"666",6.5
"667",2.5
"668",0.800000011920929
"669",3.40000009536743
"670",0.400000005960464
"671",2
"672",0
"673",0
"674",0.400000005960464
"675",14.1000003814697
"676",5
"677",0.400000005960464
"678",0
"679",0.200000002980232
"680",0
"681",29.1000003814697
"682",0.5
"683",0
"684",0
"685",0.600000023841858
"686",1.39999997615814
"687",20.6000003814697
"688",3.59999990463257
"689",0.600000023841858
"690",0
"691",0
"692",2.90000009536743
"693",22.7999992370605
"694",12.8999996185303
"695",0.300000011920929
"696",10.3999996185303
"697",3.29999995231628
"698",1.79999995231628
"699",0
"700",0.600000023841858
"701",0.100000001490116
"702",0
"703",0.100000001490116
"704",0
"705",0
"706",5.90000009536743
"707",0.400000005960464
"708",1.60000002384186
"709",4.90000009536743
"710",3.70000004768372
"711",0.400000005960464
"712",0
"713",0
"714",0.400000005960464
"715",0
"716",0.5
"717",0.100000001490116
"718",2.59999990463257
"719",2
"720",14.1000003814697
"721",0.899999976158142
"722",8.10000038146973
"723",0.899999976158142
"724",3
"725",0
"726",0.100000001490116
"727",0
"728",1.20000004768372
"729",0.300000011920929
"730",0
"731",0.699999988079071
"732",1.10000002384186
"733",9.10000038146973
"734",1.70000004768372
"735",1.39999997615814
"736",0
"737",19
"738",15.1000003814697
"739",2.20000004768372
"740",0
"741",0
"742",11.8999996185303
"743",2.70000004768372
"744",0.400000005960464
"745",0.200000002980232
"746",0
"747",0.800000011920929
"748",0
"749",0
"750",0.100000001490116
"751",0.400000005960464
"752",0.100000001490116
"753",2.79999995231628
"754",1.29999995231628
"755",0
"756",0.800000011920929
"757",0.300000011920929
"758",4.30000019073486
"759",1.39999997615814
"760",0
"761",0
"762",0
"763",0.100000001490116
"764",0.100000001490116
"765",0.100000001490116
"766",0
"767",0
"768",0.100000001490116
"769",4.30000019073486
"770",1.29999995231628
"771",5.30000019073486
"772",0.800000011920929
"773",2.29999995231628
"774",0
"775",0
"776",0
"777",0
"778",0
"779",0
"780",0
"781",0
"782",5.09999990463257
"783",1
"784",0
"785",0
"786",0
"787",0.100000001490116
"788",0.800000011920929
"789",1
"790",0.200000002980232
"791",0.100000001490116
"792",0
"793",0
"794",0
"795",0
"796",2.09999990463257
"797",1.5
"798",0
"799",0
"800",0.200000002980232
"801",6
"802",0
"803",0
"804",0
"805",0.200000002980232
"806",2.70000004768372
"807",0
"808",0.800000011920929
"809",0
"810",0.699999988079071
"811",0
"812",0
"813",0
"814",0.100000001490116
"815",0.800000011920929
"816",0.100000001490116
"817",0
"818",0.400000005960464
"819",0
"820",0
"821",0
"822",0
"823",0
"824",0.300000011920929
"825",0
"826",0.5
"827",0.200000002980232
"828",0.300000011920929
"829",0.400000005960464
"830",0
"831",0.100000001490116
"832",0.100000001490116
"833",0.300000011920929
"834",0
"835",0
"836",0
"837",0
"838",0
"839",22.5
"840",2.09999990463257
"841",0.899999976158142
"842",1.60000002384186
"843",0.200000002980232
"844",0.100000001490116
"845",2.70000004768372
"846",1
"847",5.40000009536743
"848",0.100000001490116
"849",0
"850",0
"851",0
"852",0.5
"853",0.400000005960464
"854",0.100000001490116
"855",0
"856",0.100000001490116
"857",0
"858",0
"859",0
"860",4.09999990463257
"861",0.800000011920929
"862",0
"863",0
"864",0
"865",0
"866",1.89999997615814
"867",13.5
"868",0.200000002980232
"869",0
"870",1.29999995231628
"871",4.59999990463257
"872",14.6000003814697
"873",1.89999997615814
"874",0.100000001490116
"875",0
"876",0
"877",0
"878",0.800000011920929
"879",0.100000001490116
"880",0.400000005960464
"881",0
"882",0.699999988079071
"883",0.899999976158142
"884",0.200000002980232
"885",0.100000001490116
"886",0
"887",0
"888",0
"889",3
"890",0
"891",2.20000004768372
"892",0.5
"893",0.100000001490116
"894",3.29999995231628
"895",0
"896",1.39999997615814
"897",3.90000009536743
"898",11.8000001907349
"899",2.59999990463257
"900",1
"901",0.200000002980232
"902",0.600000023841858
"903",0
"904",0
"905",0.200000002980232
"906",0.899999976158142
"907",4.90000009536743
"908",0
"909",3.5
"910",5.69999980926514
"911",1.29999995231628
"912",0
"913",0
"914",0.5
"915",0
"916",1.89999997615814
"917",0
"918",0.400000005960464
"919",1.10000002384186
"920",0.800000011920929
"921",5.80000019073486
"922",0
"923",1.70000004768372
"924",0.699999988079071
"925",0.400000005960464
"926",0.100000001490116
"927",0
"928",2.79999995231628
"929",0
"930",0
"931",3.20000004768372
"932",0
"933",0
"934",0.200000002980232
"935",3.70000004768372
"936",2.90000009536743
"937",0.699999988079071
"938",0.100000001490116
"939",0.300000011920929
"940",1.10000002384186
"941",0
"942",0.400000005960464
"943",0.300000011920929
"944",5.09999990463257
"945",0.100000001490116
"946",0.400000005960464
"947",0
"948",0.400000005960464
"949",1.60000002384186
"950",0.5
"951",0
"952",0
"953",0.5
"954",0.400000005960464
"955",33.7999992370605
"956",5.19999980926514
"957",0
"958",0.100000001490116
"959",0
"960",0
"961",0.100000001490116
"962",0
"963",0
"964",0.100000001490116
"965",1.60000002384186
"966",1.89999997615814
"967",0
"968",0.899999976158142
"969",0
"970",0.600000023841858
"971",0.899999976158142
"972",7
"973",2.40000009536743
"974",0.200000002980232
"975",0.100000001490116
"976",0.400000005960464
"977",1.60000002384186
"978",1
"979",0
"980",3
"981",0.400000005960464
"982",4.19999980926514
"983",1.60000002384186
"984",0.300000011920929
"985",0
"986",0
"987",0
"988",0.800000011920929
"989",0.300000011920929
"990",0.100000001490116
"991",0.899999976158142
"992",5.19999980926514
"993",1.60000002384186
"994",2
"995",0
"996",0
"997",0.200000002980232
"998",1.70000004768372
"999",0.400000005960464
"1000",0
"1001",0.400000005960464
"1002",1.70000004768372
"1003",0.800000011920929
"1004",0
"1005",0
"1006",3.29999995231628
"1007",0.200000002980232
"1008",1
"1009",2.70000004768372
"1010",1.39999997615814
"1011",5.90000009536743
"1012",1.29999995231628
"1013",0.200000002980232
"1014",0
"1015",0
"1016",1.29999995231628
"1017",16.5
"1018",1.20000004768372
"1019",1.10000002384186
"1020",1.39999997615814
"1021",0
"1022",2.59999990463257
"1023",0.300000011920929
"1024",0.800000011920929
"1025",0.5
"1026",4.09999990463257
"1027",1.70000004768372
"1028",1.39999997615814
"1029",0.5
"1030",2.09999990463257
"1031",0.100000001490116
"1032",0.100000001490116
"1033",1.5
"1034",0.5
"1035",2.40000009536743
"1036",0.200000002980232
"1037",7.19999980926514
"1038",0.100000001490116
"1039",0.100000001490116
"1040",0.100000001490116
"1041",0
"1042",0
"1043",0.200000002980232
"1044",0
"1045",0
"1046",0
"1047",0.400000005960464
"1048",0.300000011920929
"1049",0.100000001490116
"1050",0
"1051",0
"1052",0
"1053",0
"1054",0.100000001490116
"1055",0.200000002980232
"1056",0.100000001490116
"1057",1
"1058",0.100000001490116
"1059",0.800000011920929
"1060",0.600000023841858
"1061",0.200000002980232
"1062",0
"1063",0
"1064",3
"1065",0.200000002980232
"1066",0
"1067",0
"1068",2.79999995231628
"1069",1.60000002384186
"1070",0
"1071",0
"1072",0
"1073",0.100000001490116
"1074",0.200000002980232
"1075",0
"1076",0
"1077",0
"1078",0
"1079",0
"1080",0
"1081",0
"1082",0
"1083",0
"1084",0
"1085",1.60000002384186
"1086",0
"1087",0
"1088",0
"1089",1.10000002384186
"1090",0
"1091",1.20000004768372
"1092",0
"1093",0
"1094",0
"1095",0.300000011920929
"1096",2.09999990463257
"1097",0
"1098",0
"1099",0
"1100",0
"1101",0
"1102",0
"1103",5.69999980926514
"1104",0.300000011920929
"1105",0.200000002980232
"1106",0
"1107",0
"1108",0
"1109",0.200000002980232
"1110",0.100000001490116
"1111",0
"1112",0
"1113",0.100000001490116
"1114",0
"1115",0.100000001490116
"1116",0
"1117",0
"1118",0
"1119",0
"1120",0
"1121",0
"1122",1.29999995231628
"1123",0
"1124",0
"1125",1.5
"1126",6.30000019073486
"1127",0
"1128",0
"1129",0
"1130",0
"1131",0
"1132",2.5
"1133",0.100000001490116
"1134",0
"1135",0
"1136",0
"1137",0
"1138",0
"1139",0
"1140",0
"1141",0
"1142",1.39999997615814
"1143",0.100000001490116
"1144",0
"1145",0.899999976158142
"1146",0
"1147",0
"1148",0
"1149",0
"1150",0
"1151",0
"1152",0
"1153",0.300000011920929
"1154",4.80000019073486
"1155",9.5
"1156",0.5
"1157",4.40000009536743
"1158",1.70000004768372
"1159",5.30000019073486
"1160",0
"1161",0
"1162",1.20000004768372
"1163",4.59999990463257
"1164",13.8000001907349
"1165",2.40000009536743
"1166",0.100000001490116
"1167",0.200000002980232
"1168",0
"1169",0
"1170",1.29999995231628
"1171",0.100000001490116
"1172",0
"1173",0.200000002980232
"1174",26.6000003814697
"1175",31.2999992370605
"1176",4.59999990463257
"1177",1.70000004768372
"1178",0.300000011920929
"1179",0
"1180",0.100000001490116
"1181",0
"1182",0
"1183",0.600000023841858
"1184",0
"1185",0.899999976158142
"1186",0.400000005960464
"1187",2.29999995231628
"1188",7.40000009536743
"1189",2.70000004768372
"1190",0.300000011920929
"1191",0.400000005960464
"1192",0
"1193",2.09999990463257
"1194",1.20000004768372
"1195",1.20000004768372
"1196",0.400000005960464
"1197",7.59999990463257
"1198",21.5
"1199",9.30000019073486
"1200",3.79999995231628
"1201",2.09999990463257
"1202",1.29999995231628
"1203",0.300000011920929
"1204",0
"1205",0
"1206",0
"1207",0
"1208",0
"1209",1.60000002384186
"1210",0.300000011920929
"1211",0.100000001490116
"1212",0.800000011920929
"1213",0.200000002980232
"1214",1.39999997615814
"1215",1.70000004768372
"1216",0.699999988079071
"1217",0.300000011920929
"1218",0.800000011920929
"1219",1
"1220",0.100000001490116
"1221",0.100000001490116
"1222",0
"1223",1.20000004768372
"1224",0.800000011920929
"1225",3.79999995231628
"1226",0
"1227",0.400000005960464
"1228",0.100000001490116
"1229",0
"1230",1.60000002384186
"1231",8
"1232",0.600000023841858
"1233",13.3000001907349
"1234",2.29999995231628
"1235",0.899999976158142
"1236",0.400000005960464
"1237",22.2999992370605
"1238",0.5
"1239",0.300000011920929
"1240",0
"1241",0.5
"1242",0
"1243",0.100000001490116
"1244",0
"1245",1
"1246",1
"1247",5.59999990463257
"1248",0.600000023841858
"1249",3.09999990463257
"1250",0.100000001490116
"1251",2.70000004768372
"1252",2.29999995231628
"1253",2.20000004768372
"1254",0.200000002980232
"1255",0
"1256",0.300000011920929
"1257",0
"1258",0.200000002980232
"1259",0
"1260",1.20000004768372
"1261",0
"1262",0
"1263",0.899999976158142
"1264",0.699999988079071
"1265",0
"1266",0
"1267",0.100000001490116
"1268",4.80000019073486
"1269",5.19999980926514
"1270",0
"1271",0
"1272",1.20000004768372
"1273",1
"1274",1.5
"1275",2.20000004768372
"1276",30.8999996185303
"1277",1.29999995231628
"1278",0.300000011920929
"1279",0.100000001490116
"1280",0.100000001490116
"1281",1.70000004768372
"1282",0.400000005960464
"1283",0
"1284",1.20000004768372
"1285",0.100000001490116
"1286",0
"1287",0
"1288",0.300000011920929
"1289",0.200000002980232
"1290",0.100000001490116
"1291",0.600000023841858
"1292",0
"1293",0
"1294",0.200000002980232
"1295",0
"1296",0
"1297",0
"1298",0.699999988079071
"1299",1.29999995231628
"1300",7.5
"1301",4.59999990463257
"1302",0
"1303",0
"1304",0
"1305",5.40000009536743
"1306",7
"1307",2.09999990463257
"1308",0.200000002980232
"1309",0
"1310",0
"1311",0
"1312",0
"1313",0.200000002980232
"1314",0.100000001490116
"1315",0.100000001490116
"1316",4.19999980926514
"1317",0.100000001490116
"1318",0.100000001490116
"1319",12.1999998092651
"1320",0.100000001490116
"1321",1.39999997615814
"1322",0.300000011920929
"1323",0
"1324",0.100000001490116
"1325",4.5
"1326",0.899999976158142
"1327",0
"1328",0
"1329",4.90000009536743
"1330",4.19999980926514
"1331",41.5
"1332",34.0999984741211
"1333",0.100000001490116
"1334",0.200000002980232
"1335",0.400000005960464
"1336",0.100000001490116
"1337",2.70000004768372
"1338",11.6000003814697
"1339",0
"1340",0
"1341",5.40000009536743
"1342",0.5
"1343",2.90000009536743
"1344",0.800000011920929
"1345",0.200000002980232
"1346",0.200000002980232
"1347",0
"1348",0
"1349",5.09999990463257
"1350",1.20000004768372
"1351",0.300000011920929
"1352",1.29999995231628
"1353",5.19999980926514
"1354",2.09999990463257
"1355",1.39999997615814
"1356",2.20000004768372
"1357",0.5
"1358",3.20000004768372
"1359",0.100000001490116
"1360",0.300000011920929
"1361",1.79999995231628
"1362",2.29999995231628
"1363",6.30000019073486
"1364",2
"1365",0
"1366",0.200000002980232
"1367",3.70000004768372
"1368",0.899999976158142
"1369",0
"1370",0.5
"1371",0.5
"1372",0
"1373",0.100000001490116
"1374",0.100000001490116
"1375",0
"1376",0.5
"1377",1.29999995231628
"1378",6.5
"1379",2.40000009536743
"1380",0.200000002980232
"1381",0
"1382",0
"1383",0
"1384",0.699999988079071
"1385",0
"1386",0
"1387",0
"1388",2.70000004768372
"1389",0.400000005960464
"1390",0.400000005960464
"1391",1.89999997615814
"1392",0.699999988079071
"1393",0.699999988079071
"1394",0
"1395",0
"1396",1
"1397",2.29999995231628
"1398",1.10000002384186
"1399",0.100000001490116
"1400",3.20000004768372
"1401",2.40000009536743
"1402",0
"1403",0
"1404",0
"1405",0
"1406",0
"1407",0
"1408",0
"1409",0
"1410",0
"1411",0
"1412",0
"1413",0
"1414",0
"1415",0.400000005960464
"1416",0
"1417",0
"1418",0
"1419",0
"1420",0.300000011920929
"1421",0
"1422",0
"1423",0
"1424",0.100000001490116
"1425",0.100000001490116
"1426",0
"1427",0
"1428",0
"1429",0
"1430",0.400000005960464
"1431",0
"1432",0.200000002980232
"1433",7.30000019073486
"1434",2.29999995231628
"1435",0.100000001490116
"1436",0
"1437",0.100000001490116
"1438",0
"1439",0
"1440",0
"1441",0
"1442",1.89999997615814
"1443",0
"1444",0
"1445",0
"1446",0
"1447",5.30000019073486
"1448",5
"1449",0.400000005960464
"1450",0
"1451",30
"1452",1.79999995231628
"1453",0
"1454",0
"1455",0
"1456",0.400000005960464
"1457",0
"1458",0
"1459",0
"1460",0.200000002980232
"1461",0
"1462",0
"1463",0
"1464",0.100000001490116
"1465",0.100000001490116
"1466",0
"1467",0
"1468",3.29999995231628
"1469",0.300000011920929
"1470",0.100000001490116
"1471",0.200000002980232
"1472",0
"1473",0
"1474",0.200000002980232
"1475",0
"1476",0
"1477",0.200000002980232
"1478",11.1999998092651
"1479",0.100000001490116
"1480",0
"1481",0
"1482",0.200000002980232
"1483",0
"1484",0
"1485",1.79999995231628
"1486",0.100000001490116
"1487",0
"1488",10.1999998092651
"1489",11.3000001907349
"1490",74.5
"1491",8.5
"1492",0.100000001490116
"1493",2.90000009536743
"1494",3.20000004768372
"1495",0
"1496",0
"1497",0
"1498",1.89999997615814
"1499",0.100000001490116
"1500",0
"1501",0.400000005960464
"1502",0
"1503",0
"1504",0.200000002980232
"1505",0.200000002980232
"1506",5
"1507",0
"1508",0
"1509",0
"1510",0
"1511",8.19999980926514
"1512",0.400000005960464
"1513",0
"1514",0
"1515",0
"1516",0
"1517",0
"1518",0
"1519",0
"1520",2.90000009536743
"1521",0
"1522",0
"1523",0
"1524",0
"1525",1.39999997615814
"1526",5.5
"1527",0
"1528",0
"1529",1.20000004768372
"1530",0
"1531",0
"1532",0.100000001490116
"1533",1.20000004768372
"1534",2.5
"1535",0.600000023841858
"1536",0
"1537",0
"1538",0
"1539",0
"1540",0
"1541",0
"1542",0
"1543",0
"1544",0
"1545",0.300000011920929
"1546",0
"1547",0
"1548",0
"1549",0.800000011920929
"1550",0
"1551",3.5
"1552",1.60000002384186
"1553",0.200000002980232
"1554",1.20000004768372
"1555",0
"1556",2.09999990463257
"1557",0
"1558",0
"1559",0
"1560",0
"1561",2.79999995231628
"1562",17
"1563",0.100000001490116
"1564",0.200000002980232
"1565",0.300000011920929
"1566",0
"1567",1.29999995231628
"1568",0.899999976158142
"1569",0.100000001490116
"1570",0.100000001490116
"1571",0
"1572",0
"1573",10.8000001907349
"1574",9.10000038146973
"1575",7.19999980926514
"1576",1
"1577",4.5
"1578",0.200000002980232
"1579",0
"1580",0.200000002980232
"1581",0.800000011920929
"1582",0.800000011920929
"1583",3.70000004768372
"1584",2.90000009536743
"1585",0.800000011920929
"1586",0
"1587",0
"1588",0
"1589",0
"1590",0.699999988079071
"1591",0.800000011920929
"1592",0.899999976158142
"1593",7.80000019073486
"1594",0.300000011920929
"1595",0.100000001490116
"1596",0.800000011920929
"1597",0.400000005960464
"1598",0.800000011920929
"1599",1.60000002384186
"1600",0.300000011920929
"1601",3.79999995231628
"1602",0.100000001490116
"1603",0
"1604",0.400000005960464
"1605",0.100000001490116
"1606",1.10000002384186
"1607",0.200000002980232
"1608",0
"1609",0
"1610",0
"1611",0.100000001490116
"1612",3.20000004768372
"1613",3.20000004768372
"1614",0.300000011920929
"1615",2.09999990463257
"1616",0
"1617",0
"1618",0
"1619",0.100000001490116
"1620",0
"1621",16.6000003814697
"1622",0.699999988079071
"1623",0.100000001490116
"1624",0
"1625",1.39999997615814
"1626",0.5
"1627",7.19999980926514
"1628",0.200000002980232
"1629",2.79999995231628
"1630",0.300000011920929
"1631",0.100000001490116
"1632",0.300000011920929
"1633",0.200000002980232
"1634",0
"1635",0.100000001490116
"1636",1.70000004768372
"1637",3.79999995231628
"1638",0.200000002980232
"1639",0.200000002980232
"1640",12.6000003814697
"1641",6.80000019073486
"1642",1.39999997615814
"1643",2.09999990463257
"1644",0.100000001490116
"1645",0.300000011920929
"1646",5.19999980926514
"1647",0.600000023841858
"1648",0.100000001490116
"1649",17.3999996185303
"1650",0.100000001490116
"1651",0.100000001490116
"1652",0.100000001490116
"1653",0.100000001490116
"1654",0.100000001490116
"1655",0.100000001490116
"1656",0
"1657",0
"1658",10.6999998092651
"1659",2.40000009536743
"1660",0.300000011920929
"1661",0.100000001490116
"1662",0.100000001490116
"1663",0.100000001490116
"1664",0.100000001490116
"1665",0.800000011920929
"1666",0.300000011920929
"1667",3.09999990463257
"1668",0.100000001490116
"1669",0.100000001490116
"1670",0
"1671",0
"1672",2
"1673",2.79999995231628
"1674",0.400000005960464
"1675",0.800000011920929
"1676",0.800000011920929
"1677",0.899999976158142
"1678",0
"1679",0
"1680",0.200000002980232
"1681",1.29999995231628
"1682",15.3999996185303
"1683",0.100000001490116
"1684",0
"1685",0
"1686",13.6000003814697
"1687",2.59999990463257
"1688",0.100000001490116
"1689",0
"1690",0.100000001490116
"1691",0.100000001490116
"1692",0
"1693",0
"1694",0.400000005960464
"1695",0
"1696",0.100000001490116
"1697",0
"1698",0
"1699",1
"1700",0
"1701",0.899999976158142
"1702",0.300000011920929
"1703",7.59999990463257
"1704",0
"1705",0.200000002980232
"1706",0.100000001490116
"1707",0
"1708",0
"1709",0.100000001490116
"1710",0.800000011920929
"1711",3.09999990463257
"1712",6.80000019073486
"1713",0.200000002980232
"1714",1.29999995231628
"1715",1.5
"1716",0
"1717",0.100000001490116
"1718",0.899999976158142
"1719",0.200000002980232
"1720",0
"1721",0
"1722",3.29999995231628
"1723",0
"1724",0
"1725",0.100000001490116
"1726",20.2999992370605
"1727",0.5
"1728",0
"1729",0
"1730",5.59999990463257
"1731",0.5
"1732",0.5
"1733",1
"1734",1
"1735",0.100000001490116
"1736",0
"1737",3.59999990463257
"1738",0
"1739",3.20000004768372
"1740",0
"1741",3.59999990463257
"1742",0.200000002980232
"1743",0
"1744",0
"1745",0
"1746",0
"1747",0
"1748",0.300000011920929
"1749",1.79999995231628
"1750",0.100000001490116
"1751",0
"1752",0
"1753",0
"1754",0
"1755",0
"1756",0
"1757",0.600000023841858
"1758",0
"1759",0
"1760",13.1999998092651
"1761",6.5
"1762",0.899999976158142
"1763",0
"1764",0
"1765",0.100000001490116
"1766",0
"1767",19.7000007629395
"1768",0.899999976158142
"1769",14.1000003814697
"1770",30.7999992370605
"1771",6
"1772",0
"1773",0
"1774",0.100000001490116
"1775",0
"1776",2.20000004768372
"1777",1
"1778",4.30000019073486
"1779",0
"1780",0.200000002980232
"1781",0
"1782",0
"1783",0
"1784",0
"1785",0
"1786",0
"1787",0
"1788",0
"1789",0
"1790",0
"1791",0
"1792",0
"1793",0
"1794",0.100000001490116
"1795",6
"1796",2.40000009536743
"1797",0
"1798",0.200000002980232
"1799",0
"1800",0
"1801",0
"1802",0
"1803",0
"1804",0
"1805",1.29999995231628
"1806",0.400000005960464
"1807",0.100000001490116
"1808",1.10000002384186
"1809",1.89999997615814
"1810",0
"1811",0.600000023841858
"1812",0
"1813",0.400000005960464
"1814",0.800000011920929
"1815",0.100000001490116
"1816",0
"1817",0
"1818",0.100000001490116
"1819",0.200000002980232
"1820",0.300000011920929
"1821",0
"1822",6.19999980926514
"1823",2.59999990463257
"1824",0.200000002980232
"1825",0
"1826",0
"1827",0.100000001490116
"1828",1
"1829",0
"1830",17.6000003814697
"1831",3.20000004768372
"1832",3.20000004768372
"1833",5
"1834",0
"1835",0
"1836",0
"1837",0
"1838",0
"1839",0
"1840",0
"1841",0.200000002980232
"1842",0.300000011920929
"1843",0.100000001490116
"1844",0
"1845",0.800000011920929
"1846",2.09999990463257
"1847",0
"1848",0
"1849",0
"1850",0
"1851",0
"1852",0
"1853",5.30000019073486
"1854",0.100000001490116
"1855",3.5
"1856",0
"1857",0
"1858",5.80000019073486
"1859",19
"1860",28.3999996185303
"1861",7.80000019073486
"1862",12.3999996185303
"1863",0.100000001490116
"1864",0
"1865",0.200000002980232
"1866",0
"1867",0
"1868",0.100000001490116
"1869",0
"1870",0
"1871",4.40000009536743
"1872",0.100000001490116
"1873",0.100000001490116
"1874",0.699999988079071
"1875",0.300000011920929
"1876",0.699999988079071
"1877",0.300000011920929
"1878",0
"1879",0
"1880",0.800000011920929
"1881",0.100000001490116
"1882",0
"1883",0
"1884",0
"1885",0
"1886",4.30000019073486
"1887",0
"1888",0
"1889",4.59999990463257
"1890",5.40000009536743
"1891",0.100000001490116
"1892",0
"1893",0.100000001490116
"1894",0
"1895",0
"1896",0
"1897",1.5
"1898",0
"1899",1
"1900",3.79999995231628
"1901",0
"1902",1
"1903",0.600000023841858
"1904",0
"1905",6.19999980926514
"1906",0.300000011920929
"1907",0
"1908",0.5
"1909",4
"1910",2.20000004768372
"1911",0.600000023841858
"1912",0.100000001490116
"1913",0
"1914",0
"1915",0
"1916",0.100000001490116
"1917",0.800000011920929
"1918",1.60000002384186
"1919",12.3000001907349
"1920",0
"1921",0.100000001490116
"1922",0.5
"1923",0.200000002980232
"1924",2.59999990463257
"1925",0
"1926",1.29999995231628
"1927",0
"1928",0
"1929",3.90000009536743
"1930",0.5
"1931",0
"1932",0.100000001490116
"1933",7.5
"1934",0
"1935",0
"1936",0
"1937",0
"1938",8.19999980926514
"1939",1.70000004768372
"1940",1.89999997615814
"1941",0
"1942",0
"1943",0
"1944",0.600000023841858
"1945",0.200000002980232
"1946",1.70000004768372
"1947",0
"1948",0
"1949",0
"1950",0
"1951",0
"1952",0
"1953",0
"1954",0
"1955",0
"1956",0
"1957",0
"1958",0
"1959",0
"1960",0
"1961",0.100000001490116
"1962",0.200000002980232
"1963",0
"1964",0
"1965",0.100000001490116
"1966",0.100000001490116
"1967",0
"1968",0.100000001490116
"1969",0
"1970",7.69999980926514
"1971",0.200000002980232
"1972",2.90000009536743
"1973",1.89999997615814
"1974",0.200000002980232
"1975",0
"1976",2.90000009536743
"1977",0.100000001490116
"1978",0
"1979",0
"1980",0
"1981",0
"1982",0.100000001490116
"1983",1.70000004768372
"1984",0.400000005960464
"1985",0.100000001490116
"1986",1.89999997615814
"1987",1.29999995231628
"1988",4.30000019073486
"1989",0.100000001490116
"1990",7.19999980926514
"1991",0
"1992",0
"1993",0
"1994",0
"1995",0.100000001490116
"1996",0.5
"1997",2.09999990463257
"1998",28.6000003814697
"1999",11.1000003814697
"2000",0.100000001490116
"2001",0
"2002",0.200000002980232
"2003",0.200000002980232
"2004",0
"2005",0.100000001490116
"2006",0.200000002980232
"2007",2.5
"2008",11.3000001907349
"2009",0
"2010",0.200000002980232
"2011",0
"2012",0
"2013",0.300000011920929
"2014",0.200000002980232
"2015",0.100000001490116
"2016",0.800000011920929
"2017",0
"2018",0
"2019",0
"2020",0.400000005960464
"2021",2.20000004768372
"2022",0.400000005960464
"2023",1.10000002384186
"2024",0
"2025",0
"2026",0
"2027",0
"2028",0
"2029",0.100000001490116
"2030",0
"2031",0.800000011920929
"2032",0.400000005960464
"2033",0
"2034",0
"2035",0
"2036",1.10000002384186
"2037",0.200000002980232
"2038",0
"2039",0
"2040",0
"2041",3.70000004768372
"2042",0.800000011920929
"2043",0
"2044",1.70000004768372
"2045",0.200000002980232
"2046",0
"2047",7.19999980926514
"2048",2.40000009536743
"2049",1.70000004768372
"2050",0.5
"2051",0
"2052",0.300000011920929
"2053",0.699999988079071
"2054",0.100000001490116
"2055",0
"2056",0.400000005960464
"2057",8
"2058",0.100000001490116
"2059",4.80000019073486
"2060",1.5
"2061",0.100000001490116
"2062",0
"2063",0
"2064",0
"2065",0
"2066",0
"2067",0.300000011920929
"2068",12.6000003814697
"2069",1.5
"2070",0
"2071",0
"2072",0
"2073",0
"2074",0.5
"2075",0.100000001490116
"2076",0
"2077",0.200000002980232
"2078",2.79999995231628
"2079",8.39999961853027
"2080",70.8000030517578
"2081",5.09999990463257
"2082",0.400000005960464
"2083",0.600000023841858
"2084",3.70000004768372
"2085",1.5
"2086",9.10000038146973
"2087",0.100000001490116
"2088",0
"2089",0
"2090",0
"2091",0
"2092",0.100000001490116
"2093",0
"2094",0
"2095",0
"2096",0
"2097",3.20000004768372
"2098",3.20000004768372
"2099",1.60000002384186
"2100",0.699999988079071
"2101",1.70000004768372
"2102",3.59999990463257
"2103",0
"2104",0.100000001490116
"2105",0.300000011920929
"2106",5.09999990463257
"2107",29.3999996185303
"2108",1.79999995231628
"2109",1.20000004768372
"2110",0.600000023841858
"2111",0.300000011920929
"2112",2.79999995231628
"2113",0.200000002980232
"2114",0.200000002980232
"2115",0.200000002980232
"2116",0.100000001490116
"2117",0
"2118",0.200000002980232
"2119",3.09999990463257
"2120",17.3999996185303
"2121",20
"2122",0.899999976158142
"2123",1.10000002384186
"2124",6.69999980926514
"2125",0.300000011920929
"2126",0.100000001490116
"2127",6.90000009536743
"2128",2.79999995231628
"2129",0.100000001490116
"2130",0
"2131",0
"2132",18.6000003814697
"2133",0
"2134",0
"2135",0
"2136",0
"2137",0
"2138",2.5
"2139",1.20000004768372
"2140",0.899999976158142
"2141",1.20000004768372
"2142",3.20000004768372
"2143",0
"2144",1.20000004768372
"2145",0
"2146",0
"2147",0
"2148",1.10000002384186
"2149",0.600000023841858
"2150",0.100000001490116
"2151",0.400000005960464
"2152",1.10000002384186
"2153",0
"2154",0.100000001490116
"2155",9.60000038146973
"2156",2.09999990463257
"2157",0.800000011920929
"2158",1
"2159",7.40000009536743
"2160",8.10000038146973
"2161",1
"2162",2.20000004768372
"2163",21.2999992370605
"2164",11.3999996185303
"2165",0
"2166",1
"2167",2.70000004768372
"2168",0
"2169",4.09999990463257
"2170",1.89999997615814
"2171",0.200000002980232
"2172",4.30000019073486
"2173",2.79999995231628
"2174",0.400000005960464
"2175",0
"2176",0.100000001490116
"2177",5.30000019073486
"2178",2.59999990463257
"2179",0
"2180",0.5
"2181",0
"2182",0
"2183",0.600000023841858
"2184",0.300000011920929
"2185",0.300000011920929
"2186",0.200000002980232
"2187",0.300000011920929
"2188",0
"2189",0
"2190",0.5
"2191",9
"2192",1.70000004768372
"2193",0
"2194",0
"2195",0
"2196",0
"2197",0
"2198",0
"2199",0.100000001490116
"2200",0
"2201",0
"2202",0
"2203",0
"2204",0
"2205",0
"2206",0
"2207",0.100000001490116
"2208",0.100000001490116
"2209",0
"2210",2.59999990463257
"2211",1.29999995231628
"2212",0
"2213",1.39999997615814
"2214",0.100000001490116
"2215",0.100000001490116
"2216",0
"2217",0
"2218",0
"2219",0.5
"2220",8.10000038146973
"2221",7
"2222",0.100000001490116
"2223",0.100000001490116
"2224",0.200000002980232
"2225",0
"2226",3.90000009536743
"2227",0.100000001490116
"2228",0.100000001490116
"2229",0
"2230",2.5
"2231",15.1000003814697
"2232",0.200000002980232
"2233",0.300000011920929
"2234",2.40000009536743
"2235",0
"2236",0
"2237",0
"2238",0.100000001490116
"2239",0
"2240",0.300000011920929
"2241",0.699999988079071
"2242",0
"2243",1.20000004768372
"2244",0.400000005960464
"2245",0
"2246",0
"2247",8.69999980926514
"2248",0
"2249",0
"2250",0
"2251",0
"2252",0
"2253",0
"2254",0
"2255",0
"2256",0.300000011920929
"2257",0.100000001490116
"2258",0
"2259",0
"2260",0
"2261",0
"2262",3.09999990463257
"2263",0.400000005960464
"2264",0
"2265",0
"2266",26.2000007629395
"2267",1.10000002384186
"2268",0.100000001490116
"2269",0
"2270",0
"2271",0
"2272",0
"2273",2.79999995231628
"2274",0.100000001490116
"2275",0
"2276",3.20000004768372
"2277",0.899999976158142
"2278",0
"2279",0
"2280",0
"2281",4.19999980926514
"2282",11.8000001907349
"2283",0.200000002980232
"2284",3.09999990463257
"2285",0.200000002980232
"2286",5.30000019073486
"2287",0.100000001490116
"2288",0.100000001490116
"2289",1.29999995231628
"2290",0
"2291",0
"2292",2.59999990463257
"2293",0
"2294",0
"2295",13.6999998092651
"2296",3.79999995231628
"2297",0.100000001490116
"2298",1.79999995231628
"2299",0.100000001490116
"2300",6.80000019073486
"2301",1
"2302",0.100000001490116
"2303",0.300000011920929
"2304",0
"2305",0
"2306",0.100000001490116
"2307",0.300000011920929
"2308",0
"2309",0
"2310",0
"2311",8.60000038146973
"2312",0.400000005960464
"2313",4.5
"2314",3.79999995231628
"2315",0.400000005960464
"2316",0.200000002980232
"2317",1.29999995231628
"2318",0
"2319",0.100000001490116
"2320",3.5
"2321",0.100000001490116
"2322",0
"2323",0.100000001490116
"2324",0.300000011920929
"2325",0
"2326",0
"2327",0
"2328",0.100000001490116
"2329",0
"2330",0
"2331",0.200000002980232
"2332",0.899999976158142
"2333",0.400000005960464
"2334",0
"2335",0.100000001490116
"2336",0
"2337",0
"2338",0
"2339",2.79999995231628
"2340",0.100000001490116
"2341",0
"2342",0
"2343",3.29999995231628
"2344",0.400000005960464
"2345",2
"2346",0.200000002980232
"2347",0.100000001490116
"2348",0.100000001490116
"2349",0
"2350",0.100000001490116
"2351",0
"2352",3.90000009536743
"2353",0
"2354",0.100000001490116
"2355",0
"2356",0.100000001490116
"2357",0.100000001490116
"2358",0
"2359",0
"2360",0.100000001490116
"2361",0.5
"2362",0.100000001490116
"2363",0
"2364",0.100000001490116
"2365",0
"2366",0.100000001490116
"2367",0
"2368",0.100000001490116
"2369",0.100000001490116
"2370",0
"2371",0
"2372",0
"2373",2.79999995231628
"2374",0.300000011920929
"2375",0.400000005960464
"2376",0
"2377",0.200000002980232
"2378",0
"2379",0.100000001490116
"2380",0
"2381",0
"2382",3.09999990463257
"2383",5.90000009536743
"2384",1.70000004768372
"2385",0
"2386",0.100000001490116
"2387",7.90000009536743
"2388",3
"2389",2.20000004768372
"2390",0.5
"2391",0
"2392",0
"2393",0
"2394",0.100000001490116
"2395",0.699999988079071
"2396",0.100000001490116
"2397",2.20000004768372
"2398",2.59999990463257
"2399",11.8000001907349
"2400",0.100000001490116
"2401",0.300000011920929
"2402",0.800000011920929
"2403",3.20000004768372
"2404",0
"2405",0.800000011920929
"2406",0.300000011920929
"2407",0
"2408",0
"2409",0
"2410",0
"2411",0
"2412",0.200000002980232
"2413",0
"2414",0
"2415",0
"2416",0
"2417",0.400000005960464
"2418",0
"2419",0.200000002980232
"2420",0
"2421",0
"2422",0
"2423",1.39999997615814
"2424",0.699999988079071
"2425",0
"2426",0
"2427",0
"2428",0
"2429",0
"2430",0
"2431",0
"2432",0
"2433",0
"2434",0
"2435",0.100000001490116
"2436",6
"2437",0.400000005960464
"2438",0
"2439",0.400000005960464
"2440",0
"2441",0.699999988079071
"2442",3.09999990463257
"2443",1.20000004768372
"2444",0
"2445",0
"2446",0
"2447",0
"2448",0.300000011920929
"2449",0
"2450",0
"2451",0
"2452",0.800000011920929
"2453",1.60000002384186
"2454",5.5
"2455",0
"2456",5.5
"2457",0.899999976158142
"2458",8.10000038146973
"2459",0
"2460",0
"2461",2.40000009536743
"2462",0
"2463",0.800000011920929
"2464",0
"2465",0.5
"2466",0.300000011920929
"2467",0
"2468",0.100000001490116
"2469",12
"2470",0.100000001490116
"2471",0.699999988079071
"2472",1.29999995231628
"2473",0
"2474",0
"2475",0
"2476",0
"2477",0
"2478",1
"2479",0.400000005960464
"2480",0
"2481",0
"2482",0
"2483",0
"2484",0.100000001490116
"2485",0.100000001490116
"2486",0.100000001490116
"2487",0
"2488",9.69999980926514
"2489",1.20000004768372
"2490",0.5
"2491",8.5
"2492",2.20000004768372
"2493",0
"2494",0.600000023841858
"2495",1.70000004768372
"2496",0
"2497",0
"2498",0
"2499",0
"2500",0
"2501",0.600000023841858
"2502",1.39999997615814
"2503",1.39999997615814
"2504",0
"2505",0.800000011920929
"2506",0.100000001490116
"2507",3.40000009536743
"2508",1.60000002384186
"2509",0.400000005960464
"2510",6.59999990463257
"2511",0.100000001490116
"2512",0.100000001490116
"2513",0.400000005960464
"2514",1.89999997615814
"2515",0
"2516",0.100000001490116
"2517",0
"2518",0
"2519",1.20000004768372
"2520",0.200000002980232
"2521",0
"2522",0
"2523",3.29999995231628
"2524",0
"2525",0
"2526",2
"2527",0.100000001490116
"2528",0
"2529",0
"2530",2.90000009536743
"2531",0.400000005960464
"2532",0
"2533",0.200000002980232
"2534",0
"2535",0.400000005960464
"2536",0.200000002980232
"2537",0.400000005960464
"2538",0
"2539",0.699999988079071
"2540",0
"2541",0
"2542",0
"2543",0
"2544",0
"2545",0
"2546",0
"2547",3
"2548",0
"2549",11.3000001907349
"2550",21.2999992370605
"2551",0.200000002980232
"2552",0.5
"2553",0.100000001490116
"2554",0
"2555",0
"2556",0
"2557",0.100000001490116
"2558",0.100000001490116
"2559",0
"2560",0
"2561",19
"2562",5.80000019073486
"2563",4.5
"2564",0
"2565",0
"2566",0
"2567",0
"2568",0.5
"2569",0
"2570",0
"2571",0
"2572",0.300000011920929
"2573",6.59999990463257
"2574",0.100000001490116
"2575",1.60000002384186
"2576",1.5
"2577",2.79999995231628
"2578",0
"2579",0
"2580",0.699999988079071
"2581",0
"2582",1.70000004768372
"2583",1.29999995231628
"2584",0
"2585",0.100000001490116
"2586",0.400000005960464
"2587",0
"2588",0
"2589",0
"2590",0
"2591",0
"2592",0.100000001490116
"2593",0
"2594",0.100000001490116
"2595",0
"2596",0.300000011920929
"2597",0.200000002980232
"2598",0
"2599",0
"2600",0
"2601",0
"2602",0
"2603",1
"2604",1.29999995231628
"2605",5.69999980926514
"2606",0
"2607",0.300000011920929
"2608",0.5
"2609",2.59999990463257
"2610",6
"2611",0
"2612",0
"2613",0.100000001490116
"2614",5.59999990463257
"2615",12.8999996185303
"2616",8.80000019073486
"2617",3.09999990463257
"2618",0.300000011920929
"2619",3.09999990463257
"2620",0.5
"2621",0
"2622",1.20000004768372
"2623",1.10000002384186
"2624",0
"2625",0
"2626",0
"2627",0
"2628",0
"2629",0
"2630",1.70000004768372
"2631",0
"2632",0.100000001490116
"2633",0
"2634",0.100000001490116
"2635",0
"2636",0.100000001490116
"2637",0
"2638",13.1000003814697
"2639",4.09999990463257
"2640",0
"2641",0
"2642",1.29999995231628
"2643",3.20000004768372
"2644",0.5
"2645",6.40000009536743
"2646",0
"2647",0
"2648",0
"2649",0
"2650",0.699999988079071
"2651",0
"2652",0
"2653",0
"2654",0
"2655",0
"2656",0
"2657",0
"2658",0
"2659",0
"2660",0
"2661",0.400000005960464
"2662",0
"2663",0
"2664",4.59999990463257
"2665",0.100000001490116
"2666",0
"2667",1.39999997615814
"2668",0.800000011920929
"2669",0
"2670",0
"2671",0
"2672",0.300000011920929
"2673",0
"2674",14.5
"2675",11
"2676",1.29999995231628
"2677",0.200000002980232
"2678",0.600000023841858
"2679",0.699999988079071
"2680",1.29999995231628
"2681",0.400000005960464
"2682",0
"2683",2.40000009536743
"2684",0
"2685",0
"2686",0
"2687",0
"2688",0
"2689",0
"2690",0.100000001490116
"2691",0.300000011920929
"2692",0.699999988079071
"2693",0.100000001490116
"2694",17.2000007629395
"2695",0.600000023841858
"2696",0
"2697",2.79999995231628
"2698",0
"2699",0.100000001490116
"2700",1.79999995231628
"2701",0
"2702",0.100000001490116
"2703",0
"2704",0
"2705",0
"2706",0.899999976158142
"2707",5.40000009536743
"2708",0.800000011920929
"2709",1.39999997615814
"2710",0.200000002980232
"2711",0
"2712",0
"2713",0.699999988079071
"2714",0.100000001490116
"2715",0.899999976158142
"2716",0.100000001490116
"2717",0
"2718",0
"2719",1.39999997615814
"2720",2.90000009536743
"2721",0.400000005960464
"2722",0.200000002980232
"2723",0.5
"2724",0
"2725",4.80000019073486
"2726",0.400000005960464
"2727",10.6999998092651
"2728",2.70000004768372
"2729",0
"2730",0.200000002980232
"2731",0
"2732",0.100000001490116
"2733",0.100000001490116
"2734",11.3999996185303
"2735",0.300000011920929
"2736",0
"2737",0
"2738",1.10000002384186
"2739",1.10000002384186
"2740",0
"2741",6.19999980926514
"2742",6.40000009536743
"2743",4.80000019073486
"2744",4.59999990463257
"2745",0.5
"2746",0.200000002980232
"2747",0.400000005960464
"2748",1
"2749",0.300000011920929
"2750",9.30000019073486
"2751",1.60000002384186
"2752",0.200000002980232
"2753",0
"2754",4.5
"2755",0.699999988079071
"2756",0.400000005960464
"2757",0.100000001490116
"2758",0.100000001490116
"2759",0
"2760",0
"2761",0.100000001490116
"2762",0.100000001490116
"2763",0.200000002980232
"2764",0.100000001490116
"2765",1.89999997615814
"2766",0
"2767",0
"2768",0
"2769",0.400000005960464
"2770",0.699999988079071
"2771",0.100000001490116
"2772",0.400000005960464
"2773",0.800000011920929
"2774",0
"2775",0.5
"2776",2.5
"2777",22
"2778",10.5
"2779",0.100000001490116
"2780",0.699999988079071
"2781",0.800000011920929
"2782",0.300000011920929
"2783",0.200000002980232
"2784",0
"2785",0.5
"2786",0
"2787",0
"2788",1.10000002384186
"2789",0.100000001490116
"2790",0
"2791",0
"2792",0
"2793",0
"2794",0
"2795",0
"2796",0
"2797",0
"2798",0
"2799",3.5
"2800",0
"2801",0.200000002980232
"2802",2.70000004768372
"2803",0
"2804",0
"2805",0
"2806",0
"2807",0
"2808",0.200000002980232
"2809",2.09999990463257
"2810",0.100000001490116
"2811",0.100000001490116
"2812",0
"2813",0.200000002980232
"2814",0
"2815",0
"2816",0
"2817",0
"2818",0
"2819",0.300000011920929
"2820",1.5
"2821",0
"2822",0.100000001490116
"2823",12
"2824",0.200000002980232
"2825",0.100000001490116
"2826",0.400000005960464
"2827",0
"2828",2
"2829",1
"2830",0.699999988079071
"2831",0.100000001490116
"2832",0.5
"2833",0
"2834",0
"2835",0
"2836",0.100000001490116
"2837",0
"2838",0
"2839",0.899999976158142
"2840",1.70000004768372
"2841",0.800000011920929
"2842",0.100000001490116
"2843",0
"2844",1.89999997615814
"2845",4.80000019073486
"2846",0
"2847",0
"2848",0
"2849",0
"2850",4.09999990463257
"2851",0
"2852",0
"2853",0
"2854",0
"2855",5.80000019073486
"2856",0.800000011920929
"2857",1.20000004768372
"2858",0.600000023841858
"2859",0.5
"2860",0
"2861",0.899999976158142
"2862",0
"2863",3.59999990463257
"2864",0.300000011920929
"2865",0.400000005960464
"2866",0.300000011920929
"2867",0
"2868",0
"2869",0
"2870",0
"2871",0
"2872",0.100000001490116
"2873",0
"2874",0.5
"2875",0.200000002980232
"2876",0.800000011920929
"2877",0.699999988079071
"2878",0.100000001490116
"2879",0
"2880",2.29999995231628
"2881",0
"2882",0
"2883",0
"2884",0
"2885",0.899999976158142
"2886",0
"2887",0
"2888",0
"2889",0
"2890",0.100000001490116
"2891",0
"2892",0
"2893",3.59999990463257
"2894",0
"2895",0
"2896",0.300000011920929
"2897",0.5
"2898",0
"2899",2.09999990463257
"2900",2.5
"2901",0.800000011920929
"2902",0.300000011920929
"2903",0
"2904",0.5
"2905",0
"2906",0
"2907",0
"2908",0
"2909",0
"2910",0
"2911",11.1000003814697
"2912",0.300000011920929
"2913",1
"2914",0.400000005960464
"2915",0.100000001490116
"2916",0.699999988079071
"2917",0.100000001490116
"2918",0
"2919",0
"2920",0
"2921",0
"2922",0
"2923",0
"2924",0
"2925",0
"2926",0.600000023841858
"2927",0
"2928",0
"2929",0
"2930",0
"2931",0
"2932",0
"2933",0.200000002980232
"2934",0
"2935",0
"2936",0
"2937",0
"2938",0
"2939",0
"2940",6.09999990463257
"2941",0.200000002980232
"2942",0
"2943",0
"2944",0
"2945",0
"2946",0.100000001490116
"2947",1.39999997615814
"2948",0
"2949",0
"2950",0
"2951",0
"2952",0.300000011920929
"2953",0
"2954",0.400000005960464
"2955",1.60000002384186
"2956",0
"2957",7.09999990463257
"2958",7
"2959",0.100000001490116
"2960",1.70000004768372
"2961",0.300000011920929
"2962",0
"2963",0
"2964",3
"2965",0
"2966",0
"2967",0
"2968",0.100000001490116
"2969",0
"2970",0
"2971",5.09999990463257
"2972",0.200000002980232
"2973",0
"2974",16.2999992370605
"2975",1.70000004768372
"2976",0
"2977",0
"2978",5.19999980926514
"2979",0.600000023841858
"2980",0.300000011920929
"2981",0.100000001490116
"2982",0
"2983",1.79999995231628
"2984",0
"2985",0
"2986",0
"2987",0
"2988",0
"2989",0
"2990",0
"2991",0.699999988079071
"2992",0
"2993",0
"2994",0
"2995",0
"2996",0
"2997",0
"2998",8.5
"2999",0
"3000",0.200000002980232
"3001",0
"3002",0
"3003",0
"3004",6.40000009536743
"3005",0.300000011920929
"3006",6.40000009536743
"3007",0.699999988079071
"3008",0
"3009",1
"3010",0.400000005960464
"3011",0
"3012",0
"3013",0.100000001490116
"3014",0.100000001490116
"3015",0
"3016",0
"3017",0.300000011920929
"3018",0.200000002980232
"3019",0
"3020",4.09999990463257
"3021",0.100000001490116
"3022",1.29999995231628
"3023",0
"3024",0
"3025",0
"3026",0
"3027",0
"3028",0
"3029",0
"3030",0
"3031",0
"3032",0
"3033",0
"3034",0
"3035",0
"3036",0.699999988079071
"3037",0.800000011920929
"3038",0
"3039",1.10000002384186
"3040",0.100000001490116
"3041",0
"3042",4.30000019073486
"3043",1.89999997615814
"3044",0
"3045",0.5
"3046",0
"3047",0.5
"3048",2.40000009536743
"3049",0
"3050",0
"3051",0
"3052",0
"3053",0
"3054",0
"3055",0
"3056",0
"3057",0.100000001490116
"3058",0.5
"3059",0
"3060",0
"3061",0.800000011920929
"3062",0
"3063",0.100000001490116
"3064",0.5
"3065",2.70000004768372
"3066",0.100000001490116
"3067",2.5
"3068",1
"3069",1.29999995231628
"3070",1
"3071",0.100000001490116
"3072",0
"3073",0
"3074",0
"3075",0.400000005960464
"3076",0
"3077",0
"3078",0.600000023841858
"3079",0.100000001490116
"3080",0
"3081",0.100000001490116
"3082",0.5
"3083",0.200000002980232
"3084",0.100000001490116
"3085",0.200000002980232
"3086",0
"3087",0.100000001490116
"3088",0.100000001490116
"3089",0.100000001490116
"3090",0.100000001490116
"3091",0.200000002980232
"3092",0.100000001490116
"3093",0.100000001490116
"3094",0
"3095",0.100000001490116
"3096",0.200000002980232
"3097",2.70000004768372
"3098",5.80000019073486
"3099",0
"3100",0
"3101",0
"3102",0.699999988079071
"3103",7.69999980926514
"3104",1.79999995231628
"3105",0.5
"3106",0
"3107",0.100000001490116
"3108",0.400000005960464
"3109",3.90000009536743
"3110",0.600000023841858
"3111",0.800000011920929
"3112",3.5
"3113",0.400000005960464
"3114",0.200000002980232
"3115",0
"3116",3.59999990463257
"3117",4.40000009536743
"3118",1.79999995231628
"3119",0.100000001490116
"3120",0
"3121",0.800000011920929
"3122",7.69999980926514
"3123",8.89999961853027
"3124",0
"3125",0
"3126",0
"3127",0
"3128",1.89999997615814
"3129",1.70000004768372
"3130",1.20000004768372
"3131",0
"3132",0
"3133",1.20000004768372
"3134",0.5
"3135",0
"3136",0
"3137",0.100000001490116
"3138",0
"3139",0
"3140",10.3999996185303
"3141",1.20000004768372
"3142",0.899999976158142
"3143",2.59999990463257
"3144",0.100000001490116
"3145",1.20000004768372
"3146",3.5
"3147",4.69999980926514
"3148",7.90000009536743
"3149",3.29999995231628
"3150",0.699999988079071
"3151",0.100000001490116
"3152",0.100000001490116
"3153",0.200000002980232
"3154",2
"3155",0.300000011920929
"3156",0.100000001490116
"3157",0
"3158",0
"3159",1.20000004768372
"3160",0.200000002980232
"3161",0
"3162",0
"3163",0
"3164",0.5
"3165",1.5
"3166",0.300000011920929
"3167",0
"3168",0
"3169",0
"3170",0.200000002980232
"3171",2.79999995231628
"3172",1.39999997615814
"3173",0
"3174",0
"3175",0
"3176",1.20000004768372
"3177",0.5
"3178",3
"3179",3.29999995231628
"3180",0.400000005960464
"3181",0
"3182",0
"3183",0.200000002980232
"3184",0.600000023841858
"3185",0.300000011920929
"3186",4.5
"3187",0.600000023841858
"3188",0
"3189",0
"3190",5.40000009536743
"3191",1.70000004768372
"3192",1.29999995231628
"3193",0
"3194",0.200000002980232
"3195",0.899999976158142
"3196",0
"3197",3.59999990463257
"3198",0.100000001490116
"3199",0.200000002980232
"3200",2.09999990463257
"3201",0.300000011920929
"3202",0.100000001490116
"3203",0
"3204",0
"3205",0
"3206",0.5
"3207",0.100000001490116
"3208",0.100000001490116
"3209",0
"3210",0
"3211",2.40000009536743
"3212",0.100000001490116
"3213",0
"3214",0
"3215",8.60000038146973
"3216",0.200000002980232
"3217",0.100000001490116
"3218",0
"3219",0
"3220",0
"3221",2.59999990463257
"3222",0.300000011920929
"3223",0
"3224",0.200000002980232
"3225",0.100000001490116
"3226",0
"3227",0.100000001490116
"3228",3.59999990463257
"3229",0
"3230",0.400000005960464
"3231",7.59999990463257
"3232",5
"3233",0
"3234",0
"3235",0
"3236",0.300000011920929
"3237",0
"3238",0.200000002980232
"3239",0.800000011920929
"3240",1.29999995231628
"3241",0
"3242",0
"3243",0.200000002980232
"3244",13.1000003814697
"3245",18.8999996185303
"3246",7.69999980926514
"3247",3.79999995231628
"3248",0.899999976158142
"3249",0.800000011920929
"3250",0
"3251",0
"3252",1.79999995231628
"3253",2.5
"3254",0.200000002980232
"3255",0.100000001490116
"3256",0.200000002980232
"3257",0.200000002980232
"3258",1.60000002384186
"3259",3.5
"3260",2.70000004768372
"3261",6.69999980926514
"3262",0
"3263",0
"3264",1.29999995231628
"3265",0
"3266",0
"3267",18.8999996185303
"3268",10.6999998092651
"3269",1.79999995231628
"3270",0.100000001490116
"3271",4.09999990463257
"3272",0.400000005960464
"3273",15.3999996185303
"3274",0.100000001490116
"3275",0
"3276",0
"3277",0
"3278",0.300000011920929
"3279",0
"3280",0
"3281",0
"3282",0
"3283",0
"3284",1.10000002384186
"3285",3.59999990463257
"3286",0.100000001490116
"3287",1.39999997615814
"3288",0.100000001490116
"3289",0.200000002980232
"3290",0
"3291",0
"3292",0
"3293",0.600000023841858
"3294",1.20000004768372
"3295",0
"3296",0
"3297",2.5
"3298",0
"3299",0
"3300",0
"3301",0.5
"3302",0.300000011920929
"3303",0
"3304",0.100000001490116
"3305",0
"3306",0
"3307",0.100000001490116
"3308",0.800000011920929
"3309",0.100000001490116
"3310",0.200000002980232
"3311",0
"3312",0
"3313",0
"3314",0
"3315",0.200000002980232
"3316",0.800000011920929
"3317",0
"3318",6.19999980926514
"3319",4.40000009536743
"3320",0
"3321",0
"3322",0.100000001490116
"3323",0.300000011920929
"3324",3
"3325",0.100000001490116
"3326",3.40000009536743
"3327",1.39999997615814
"3328",1.5
"3329",0.100000001490116
"3330",0
"3331",0
"3332",0.899999976158142
"3333",0
"3334",0
"3335",3.09999990463257
"3336",2.79999995231628
"3337",1.39999997615814
"3338",0
"3339",0.100000001490116
"3340",3.5
"3341",7.5
"3342",0.800000011920929
"3343",0.100000001490116
"3344",0
"3345",0.300000011920929
"3346",0.200000002980232
"3347",0.5
"3348",6.59999990463257
"3349",1
"3350",0.899999976158142
"3351",0
"3352",0.100000001490116
"3353",0
"3354",0
"3355",0.400000005960464
"3356",0.100000001490116
"3357",0.699999988079071
"3358",0
"3359",20.2999992370605
"3360",4.90000009536743
"3361",3.90000009536743
"3362",0
"3363",0
"3364",0
"3365",0
"3366",1
"3367",1.29999995231628
"3368",0.100000001490116
"3369",0.100000001490116
"3370",2.90000009536743
"3371",0
"3372",0
"3373",0
"3374",0
"3375",0.899999976158142
"3376",2.40000009536743
"3377",1.29999995231628
"3378",0
"3379",4.80000019073486
"3380",0
"3381",0.899999976158142
"3382",0.400000005960464
"3383",0.100000001490116
"3384",0
"3385",0
"3386",0
"3387",0
"3388",0
"3389",0
"3390",0.200000002980232
"3391",10.1000003814697
"3392",2
"3393",0
"3394",0
"3395",0
"3396",0
"3397",0
"3398",0
"3399",0
"3400",10.8000001907349
"3401",7.90000009536743
"3402",11.1000003814697
"3403",0.200000002980232
"3404",1.10000002384186
"3405",0.200000002980232
"3406",0.899999976158142
"3407",0.300000011920929
"3408",0
"3409",0
"3410",0
"3411",0
"3412",0
"3413",0
"3414",0.200000002980232
"3415",1
"3416",0.699999988079071
"3417",0
"3418",0
"3419",1.10000002384186
"3420",0
"3421",4.69999980926514
"3422",0
"3423",0
"3424",0
"3425",0.100000001490116
"3426",0.100000001490116
"3427",0.200000002980232
"3428",0.400000005960464
"3429",0.5
"3430",0.200000002980232
"3431",1.89999997615814
"3432",0.100000001490116
"3433",0.899999976158142
"3434",0.600000023841858
"3435",0.800000011920929
"3436",1.5
"3437",0
"3438",0
"3439",1.20000004768372
"3440",27.2000007629395
"3441",58.7999992370605
"3442",6.30000019073486
"3443",28.2000007629395
"3444",0.100000001490116
"3445",0.5
"3446",14.1999998092651
"3447",11.1000003814697
"3448",0.600000023841858
"3449",0.800000011920929
"3450",16.8999996185303
"3451",0.400000005960464
"3452",0.100000001490116
"3453",0
"3454",0
"3455",0
"3456",0.200000002980232
"3457",0.5
"3458",0.200000002980232
"3459",0.100000001490116
"3460",0.100000001490116
"3461",5.30000019073486
"3462",38.7000007629395
"3463",12.5
"3464",1.29999995231628
"3465",1.70000004768372
"3466",0.400000005960464
"3467",1.70000004768372
"3468",1
"3469",6.30000019073486
"3470",3.5
"3471",4.5
"3472",2.59999990463257
"3473",4.09999990463257
"3474",0.100000001490116
"3475",0.100000001490116
"3476",0.100000001490116
"3477",0.100000001490116
"3478",0.899999976158142
"3479",1
"3480",0
"3481",7.19999980926514
"3482",2.09999990463257
"3483",0
"3484",0.200000002980232
"3485",0.100000001490116
"3486",0.100000001490116
"3487",3.40000009536743
"3488",0.5
"3489",9.10000038146973
"3490",0
"3491",0.100000001490116
"3492",0.400000005960464
"3493",0
"3494",0.400000005960464
"3495",0
"3496",0.100000001490116
"3497",0.100000001490116
"3498",0.100000001490116
"3499",0.100000001490116
"3500",4
"3501",6
"3502",0
"3503",0
"3504",0.300000011920929
"3505",0.800000011920929
"3506",0.100000001490116
"3507",5
"3508",14
"3509",9.39999961853027
"3510",48.7999992370605
"3511",0.899999976158142
"3512",0.400000005960464
"3513",0
"3514",1.39999997615814
"3515",0
"3516",0.100000001490116
"3517",1.39999997615814
"3518",0.100000001490116
"3519",1.10000002384186
"3520",0.600000023841858
"3521",4.09999990463257
"3522",1.60000002384186
"3523",1.5
"3524",4.30000019073486
"3525",0.100000001490116
"3526",5
"3527",12.6000003814697
"3528",0.600000023841858
"3529",2.59999990463257
"3530",0
"3531",0
"3532",0.100000001490116
"3533",0
"3534",0
"3535",0
"3536",16.2000007629395
"3537",18.7999992370605
"3538",1.79999995231628
"3539",0.100000001490116
"3540",0.800000011920929
"3541",5.19999980926514
"3542",0.699999988079071
"3543",0
"3544",0
"3545",0.200000002980232
"3546",1.79999995231628
"3547",0.100000001490116
"3548",1.39999997615814
"3549",1.5
"3550",0.100000001490116
"3551",69.4000015258789
"3552",6.5
"3553",2.90000009536743
"3554",4.19999980926514
"3555",31.7000007629395
"3556",17.2000007629395
"3557",0
"3558",1.70000004768372
"3559",2
"3560",0
"3561",0.100000001490116
"3562",0
"3563",0
"3564",5.30000019073486
"3565",6.09999990463257
"3566",3.09999990463257
"3567",1.39999997615814
"3568",0
"3569",0.100000001490116
"3570",0
"3571",11.3999996185303
"3572",0.5
"3573",3
"3574",5.19999980926514
"3575",0.5
"3576",0.100000001490116
"3577",2.5
"3578",0.400000005960464
"3579",0
"3580",0.699999988079071
"3581",0
"3582",0
"3583",0.200000002980232
"3584",0.400000005960464
"3585",0
"3586",0
"3587",0
"3588",0.699999988079071
"3589",0.400000005960464
"3590",1.89999997615814
"3591",0
"3592",3.29999995231628
"3593",0.5
"3594",0.300000011920929
"3595",0
"3596",0
"3597",0
"3598",0.100000001490116
"3599",0
"3600",0.300000011920929
"3601",0.600000023841858
"3602",0.100000001490116
"3603",0
"3604",0
"3605",0.600000023841858
"3606",17.5
"3607",0
"3608",0
"3609",0.100000001490116
"3610",0.800000011920929
"3611",1.60000002384186
"3612",4.19999980926514
"3613",0
"3614",0
"3615",0
"3616",3.20000004768372
"3617",4.59999990463257
"3618",43.5
"3619",5.40000009536743
"3620",0.100000001490116
"3621",0
"3622",1.29999995231628
"3623",3.09999990463257
"3624",0.200000002980232
"3625",0
"3626",0.300000011920929
"3627",1.29999995231628
"3628",0
"3629",0.200000002980232
"3630",18.3999996185303
"3631",0.600000023841858
"3632",0
"3633",0.100000001490116
"3634",0
"3635",0.600000023841858
"3636",7.30000019073486
"3637",23.7000007629395
"3638",0
"3639",0
"3640",0
"3641",0.200000002980232
"3642",0.200000002980232
"3643",0.200000002980232
"3644",0.400000005960464
"3645",0.100000001490116
"3646",0
"3647",0
"3648",0
"3649",0
"3650",0
"3651",1.10000002384186
"3652",0.800000011920929
"3653",0.300000011920929
"3654",0
"3655",0
"3656",0
"3657",0
"3658",0
"3659",0
"3660",0
"3661",0
"3662",0
"3663",0
"3664",0
"3665",0
"3666",0.200000002980232
"3667",0.899999976158142
"3668",5.90000009536743
"3669",0.200000002980232
"3670",0
"3671",0.100000001490116
"3672",0
"3673",0
"3674",0
"3675",0
"3676",0
"3677",0
"3678",0
"3679",0
"3680",0
"3681",0
"3682",1
"3683",0
"3684",0
"3685",3
"3686",14.6999998092651
"3687",0
"3688",0
"3689",0
"3690",0
"3691",0
"3692",1.29999995231628
"3693",10.8999996185303
"3694",1.79999995231628
"3695",10.6999998092651
"3696",4.19999980926514
"3697",0
"3698",0
"3699",0
"3700",0
"3701",0
"3702",0
"3703",0.100000001490116
"3704",14.3999996185303
"3705",0.100000001490116
"3706",0
"3707",0
"3708",0
"3709",0.100000001490116
"3710",1.10000002384186
"3711",0
"3712",0
"3713",0
"3714",0
"3715",24.7000007629395
"3716",1.29999995231628
"3717",7.69999980926514
"3718",11
"3719",0
"3720",0
"3721",0
"3722",0
"3723",0
"3724",0
"3725",0
"3726",0
"3727",0.600000023841858
"3728",3.09999990463257
"3729",0.200000002980232
"3730",1.29999995231628
"3731",1.5
"3732",0
"3733",0
"3734",0
"3735",0.200000002980232
"3736",0.100000001490116
"3737",3.09999990463257
"3738",0.400000005960464
"3739",0
"3740",0
"3741",0
"3742",1.10000002384186
"3743",0
"3744",0
"3745",0
"3746",0.200000002980232
"3747",0.100000001490116
"3748",24.2999992370605
"3749",0.100000001490116
"3750",0.600000023841858
"3751",1.5
"3752",4.19999980926514
"3753",1.89999997615814
"3754",0
"3755",0
"3756",0
"3757",0
"3758",0
"3759",0
"3760",0
"3761",4.19999980926514
"3762",0
"3763",0
"3764",0.200000002980232
"3765",1.79999995231628
"3766",0.200000002980232
"3767",0.600000023841858
"3768",0
"3769",2.20000004768372
"3770",0
"3771",0.100000001490116
"3772",0.100000001490116
"3773",0
"3774",0.100000001490116
"3775",0.699999988079071
"3776",0.5
"3777",0
"3778",0.100000001490116
"3779",0
"3780",0
"3781",6.59999990463257
"3782",0.100000001490116
"3783",1.10000002384186
"3784",0.200000002980232
"3785",0
"3786",0
"3787",0
"3788",0
"3789",0.200000002980232
"3790",0
"3791",1.20000004768372
"3792",0
"3793",0
"3794",0.400000005960464
"3795",2.29999995231628
"3796",1
"3797",0.300000011920929
"3798",0.300000011920929
"3799",11.8999996185303
"3800",9.89999961853027
"3801",0
"3802",0
"3803",0
"3804",0.100000001490116
"3805",0
"3806",0.100000001490116
"3807",0.400000005960464
"3808",1.70000004768372
"3809",0.100000001490116
"3810",0.600000023841858
"3811",0.800000011920929
"3812",0.200000002980232
"3813",0.100000001490116
"3814",0
"3815",0
"3816",0
"3817",0.300000011920929
"3818",7.5
"3819",0.100000001490116
"3820",0.100000001490116
"3821",0.100000001490116
"3822",0.100000001490116
"3823",0
"3824",0.100000001490116
"3825",0.200000002980232
"3826",0
"3827",1.39999997615814
"3828",0
"3829",0
"3830",0.600000023841858
"3831",0
"3832",0
"3833",0
"3834",0
"3835",0
"3836",0
"3837",0
"3838",0.699999988079071
"3839",0.100000001490116
"3840",0
"3841",0.200000002980232
"3842",1.39999997615814
"3843",0
"3844",0.5
"3845",1.29999995231628
"3846",0.100000001490116
"3847",0
"3848",0
"3849",0.100000001490116
"3850",0.400000005960464
"3851",0.100000001490116
"3852",0
"3853",0.800000011920929
"3854",0
"3855",0
"3856",0.300000011920929
"3857",0
"3858",0
"3859",0
"3860",2.40000009536743
"3861",4.5
"3862",0.699999988079071
"3863",0.300000011920929
"3864",2.20000004768372
"3865",0.300000011920929
"3866",0
"3867",0.200000002980232
"3868",7.30000019073486
"3869",1.29999995231628
"3870",0
"3871",0.400000005960464
"3872",0
"3873",50.7000007629395
"3874",47.5999984741211
"3875",1.29999995231628
"3876",0
"3877",3.29999995231628
"3878",1.10000002384186
"3879",0.100000001490116
"3880",0.100000001490116
"3881",0.400000005960464
"3882",0.400000005960464
"3883",0.600000023841858
"3884",0
"3885",0.200000002980232
"3886",0
"3887",1.5
"3888",0
"3889",2.70000004768372
"3890",2.40000009536743
"3891",0
"3892",0.300000011920929
"3893",0
"3894",4
"3895",0.400000005960464
"3896",1.20000004768372
"3897",7.19999980926514
"3898",18.8999996185303
"3899",7.5
"3900",0.200000002980232
"3901",0
"3902",0.100000001490116
"3903",6.59999990463257
"3904",0.600000023841858
"3905",0.100000001490116
"3906",1
"3907",0.100000001490116
"3908",1.10000002384186
"3909",4.5
"3910",2.70000004768372
"3911",0
"3912",0
"3913",0
"3914",0.300000011920929
"3915",0.300000011920929
"3916",0
"3917",0
"3918",0.100000001490116
"3919",0.100000001490116
"3920",0.300000011920929
"3921",0.800000011920929
"3922",0.200000002980232
"3923",0.899999976158142
"3924",0
"3925",0
"3926",0
"3927",0
"3928",0
"3929",0.200000002980232
"3930",4.19999980926514
"3931",0.200000002980232
"3932",0
"3933",0.100000001490116
"3934",0
"3935",0.100000001490116
"3936",9.89999961853027
"3937",0.200000002980232
"3938",3.90000009536743
"3939",7.69999980926514
"3940",3.20000004768372
"3941",1.10000002384186
"3942",2.40000009536743
"3943",0
"3944",0
"3945",0
"3946",0
"3947",0.100000001490116
"3948",0
"3949",0
"3950",2.20000004768372
"3951",2.79999995231628
"3952",0.300000011920929
"3953",0.400000005960464
"3954",5.09999990463257
"3955",6.69999980926514
"3956",0.699999988079071
"3957",9.30000019073486
"3958",0.5
"3959",0
"3960",0
"3961",0
"3962",1
"3963",0
"3964",0
"3965",5.19999980926514
"3966",0.100000001490116
"3967",0.100000001490116
"3968",11.6000003814697
"3969",3.09999990463257
"3970",2.79999995231628
"3971",0
"3972",1.10000002384186
"3973",0.100000001490116
"3974",0
"3975",0.800000011920929
"3976",0
"3977",0
"3978",12
"3979",11
"3980",3.70000004768372
"3981",0
"3982",11.6000003814697
"3983",0
"3984",0
"3985",0
"3986",0.800000011920929
"3987",2
"3988",15
"3989",0.100000001490116
"3990",0
"3991",0
"3992",0.300000011920929
"3993",5.69999980926514
"3994",9.10000038146973
"3995",0.600000023841858
"3996",1.79999995231628
"3997",0
"3998",0.800000011920929
"3999",0
"4000",0.899999976158142
"4001",1.10000002384186
"4002",2.5
"4003",2.29999995231628
"4004",3.79999995231628
"4005",3.5
"4006",1.89999997615814
"4007",0.5
"4008",0.100000001490116
"4009",0
"4010",0
"4011",0.5
"4012",0
"4013",0
"4014",0
"4015",0
"4016",0
"4017",0
"4018",0
"4019",0
"4020",0
"4021",0.200000002980232
"4022",0
"4023",0.100000001490116
"4024",4.59999990463257
"4025",0
"4026",4.19999980926514
"4027",6.40000009536743
"4028",30.1000003814697
"4029",11.3999996185303
"4030",1.70000004768372
"4031",0
"4032",0
"4033",0
"4034",1.29999995231628
"4035",0
"4036",0
"4037",7
"4038",0.600000023841858
"4039",4.09999990463257
"4040",0.200000002980232
"4041",0.699999988079071
"4042",0
"4043",0.5
"4044",0
"4045",0
"4046",0
"4047",1.89999997615814
"4048",13.8000001907349
"4049",0
"4050",0.100000001490116
"4051",0.300000011920929
"4052",0.600000023841858
"4053",0
"4054",0
"4055",0
"4056",0
"4057",2.70000004768372
"4058",0.699999988079071
"4059",0.899999976158142
"4060",0
"4061",0
"4062",0.100000001490116
"4063",1.10000002384186
"4064",0
"4065",4.30000019073486
"4066",21.1000003814697
"4067",1.20000004768372
"4068",0.100000001490116
"4069",0
"4070",0
"4071",2.90000009536743
"4072",0.400000005960464
"4073",0.300000011920929
"4074",0
"4075",2.59999990463257
"4076",1.89999997615814
"4077",1.60000002384186
"4078",0.899999976158142
"4079",1.29999995231628
"4080",0
"4081",0
"4082",0
"4083",1
"4084",3.09999990463257
"4085",0.899999976158142
"4086",0
"4087",0
"4088",0.200000002980232
"4089",0
"4090",0
"4091",0
"4092",0
"4093",0
"4094",2.20000004768372
"4095",10.6000003814697
"4096",0.5
"4097",7.59999990463257
"4098",71.5999984741211
"4099",17
"4100",0.100000001490116
"4101",0
"4102",0
"4103",0
"4104",0
"4105",0.600000023841858
"4106",0
"4107",0.200000002980232
"4108",0.100000001490116
"4109",0.300000011920929
"4110",0.100000001490116
"4111",0
"4112",0
"4113",0
"4114",0
"4115",0.5
"4116",7.59999990463257
"4117",8
"4118",52.4000015258789
"4119",11.1000003814697
"4120",3.5
"4121",0.200000002980232
"4122",0
"4123",0
"4124",0
"4125",1.10000002384186
"4126",0
"4127",1.20000004768372
"4128",0.100000001490116
"4129",0
"4130",0
"4131",0
"4132",0
"4133",0
"4134",0
"4135",0
"4136",4.19999980926514
"4137",1.70000004768372
"4138",0.100000001490116
"4139",0.100000001490116
"4140",1.10000002384186
"4141",0
"4142",0
"4143",0.899999976158142
"4144",4.09999990463257
"4145",1.29999995231628
"4146",1.29999995231628
"4147",1.79999995231628
"4148",1.39999997615814
"4149",2.90000009536743
"4150",0.100000001490116
"4151",0
"4152",0.200000002980232
"4153",0
"4154",0
"4155",0.200000002980232
"4156",0
"4157",0
"4158",2.20000004768372
"4159",9.30000019073486
"4160",1.10000002384186
"4161",0.100000001490116
"4162",0
"4163",0
"4164",0
"4165",0
"4166",0
"4167",0
"4168",0
"4169",0
"4170",0.899999976158142
"4171",0.100000001490116
"4172",1.5
"4173",0
"4174",20
"4175",38.7000007629395
"4176",2.20000004768372
"4177",0.5
"4178",0.200000002980232
"4179",0
"4180",0.200000002980232
"4181",0.100000001490116
"4182",0.200000002980232
"4183",0
"4184",0.100000001490116
"4185",0
"4186",1.20000004768372
"4187",3.70000004768372
"4188",0.100000001490116
"4189",3.40000009536743
"4190",0.100000001490116
"4191",0.100000001490116
"4192",0
"4193",0
"4194",0.200000002980232
"4195",0.100000001490116
"4196",0
"4197",0
"4198",0.100000001490116
"4199",0
"4200",1.10000002384186
"4201",0.5
"4202",0
"4203",0.200000002980232
"4204",0
"4205",1.10000002384186
"4206",3.79999995231628
"4207",1.39999997615814
"4208",0.200000002980232
"4209",0
"4210",0.800000011920929
"4211",0
"4212",0.100000001490116
"4213",0
"4214",0.200000002980232
"4215",0.400000005960464
"4216",3.40000009536743
"4217",2.79999995231628
"4218",0.200000002980232
"4219",0.200000002980232
"4220",0.100000001490116
"4221",0
"4222",0
"4223",0
"4224",0
"4225",2.90000009536743
"4226",0
"4227",0
"4228",0.100000001490116
"4229",0.699999988079071
"4230",1.79999995231628
"4231",0.5
"4232",1.89999997615814
"4233",13.6999998092651
"4234",7.30000019073486
"4235",22.7999992370605
"4236",13.8000001907349
"4237",3.20000004768372
"4238",1.10000002384186
"4239",0
"4240",0
"4241",0.400000005960464
"4242",0.300000011920929
"4243",3.09999990463257
"4244",2.40000009536743
"4245",15.1999998092651
"4246",11.6999998092651
"4247",0.100000001490116
"4248",0
"4249",0
"4250",0
"4251",0
"4252",0
"4253",4.90000009536743
"4254",0
"4255",0
"4256",3.09999990463257
"4257",0.100000001490116
"4258",0
"4259",0
"4260",0
"4261",0
"4262",0
"4263",0.600000023841858
"4264",0.100000001490116
"4265",1
"4266",0.200000002980232
"4267",0.300000011920929
"4268",3.90000009536743
"4269",5.69999980926514
"4270",0.300000011920929
"4271",0
"4272",0.200000002980232
"4273",0.100000001490116
"4274",0.100000001490116
"4275",0
"4276",0.400000005960464
"4277",0
"4278",3.70000004768372
"4279",0.400000005960464
"4280",0.400000005960464
"4281",4
"4282",0.200000002980232
"4283",0
"4284",0
"4285",0
"4286",0
"4287",6.30000019073486
"4288",6.59999990463257
"4289",2.29999995231628
"4290",0.800000011920929
"4291",0
"4292",0.200000002980232
"4293",0
"4294",0
"4295",3.79999995231628
"4296",1.70000004768372
"4297",1.5
"4298",2.29999995231628
"4299",2.20000004768372
"4300",0.100000001490116
"4301",0
"4302",0
"4303",0.100000001490116
"4304",4.69999980926514
"4305",2.20000004768372
"4306",0
"4307",0
"4308",0
"4309",5.59999990463257
"4310",0.5
"4311",0
"4312",4.80000019073486
"4313",2.20000004768372
"4314",0
"4315",0
"4316",0.400000005960464
"4317",3.40000009536743
"4318",8.10000038146973
"4319",0
"4320",0.200000002980232
"4321",1.70000004768372
"4322",0
"4323",0
"4324",0
"4325",0
"4326",0
"4327",3.59999990463257
"4328",1.29999995231628
"4329",0.400000005960464
"4330",0.200000002980232
"4331",0.300000011920929
"4332",0
"4333",4.59999990463257
"4334",0.300000011920929
"4335",1.20000004768372
"4336",0
"4337",0
"4338",3.09999990463257
"4339",0.300000011920929
"4340",4.80000019073486
"4341",0
"4342",0.100000001490116
"4343",0
"4344",0
"4345",0
"4346",22.2999992370605
"4347",11.5
"4348",0.200000002980232
"4349",10
"4350",0.300000011920929
"4351",0.400000005960464
"4352",0
"4353",6.69999980926514
"4354",4.80000019073486
"4355",1.10000002384186
"4356",0
"4357",0
"4358",0
"4359",6.90000009536743
"4360",4.19999980926514
"4361",0
"4362",0.400000005960464
"4363",0
"4364",0.800000011920929
"4365",0
"4366",0
"4367",0
"4368",6.5
"4369",19.2000007629395
"4370",0
"4371",0
"4372",0
"4373",0.100000001490116
"4374",3.59999990463257
"4375",4.80000019073486
"4376",0.100000001490116
"4377",0
"4378",0
"4379",0
"4380",0
"4381",0.300000011920929
"4382",0
"4383",0
"4384",0.5
"4385",0.100000001490116
"4386",0
"4387",0
"4388",1.29999995231628
"4389",1.89999997615814
"4390",0.100000001490116
"4391",0.200000002980232
"4392",1.89999997615814
"4393",0
"4394",0
"4395",0
"4396",0.200000002980232
"4397",0
"4398",1.39999997615814
"4399",0.200000002980232
"4400",0.300000011920929
"4401",0.600000023841858
"4402",0
"4403",0
"4404",0
"4405",0
"4406",0
"4407",0
"4408",0
"4409",0.300000011920929
"4410",1.39999997615814
"4411",25.3999996185303
"4412",0.800000011920929
"4413",1.29999995231628
"4414",0
"4415",0
"4416",0.800000011920929
"4417",3.5
"4418",1.39999997615814
"4419",2.09999990463257
"4420",0.5
"4421",0
"4422",0
"4423",0.100000001490116
"4424",0
"4425",0.200000002980232
"4426",0.100000001490116
"4427",0
"4428",0.300000011920929
"4429",1.5
"4430",0.5
"4431",3
"4432",0
"4433",0
"4434",0
"4435",0
"4436",0
"4437",0
"4438",0
"4439",4.59999990463257
"4440",0.300000011920929
"4441",0.5
"4442",0.100000001490116
"4443",10
"4444",3.40000009536743
"4445",1.89999997615814
"4446",3.09999990463257
"4447",0
"4448",4.5
"4449",0.100000001490116
"4450",0.100000001490116
"4451",0
"4452",0
"4453",0
"4454",0
"4455",1.89999997615814
"4456",2.5
"4457",0
"4458",0
"4459",0
"4460",0
"4461",1.29999995231628
"4462",0.300000011920929
"4463",1.5
"4464",0
"4465",0
"4466",0
"4467",0.100000001490116
"4468",0.699999988079071
"4469",0
"4470",0
"4471",0
"4472",0
"4473",0
"4474",0
"4475",0
"4476",0
"4477",4.30000019073486
"4478",0.300000011920929
"4479",0.899999976158142
"4480",0.899999976158142
"4481",0
"4482",0.400000005960464
"4483",0
"4484",0
"4485",0
"4486",2.09999990463257
"4487",2.20000004768372
"4488",0.5
"4489",5.80000019073486
"4490",7.19999980926514
"4491",10.8999996185303
"4492",0.100000001490116
"4493",0.300000011920929
"4494",0.100000001490116
"4495",0.800000011920929
"4496",0.200000002980232
"4497",0
"4498",0
"4499",0.699999988079071
"4500",0
"4501",0.100000001490116
"4502",3.09999990463257
"4503",35.7000007629395
"4504",4.19999980926514
"4505",5.40000009536743
"4506",0.100000001490116
"4507",0
"4508",0.100000001490116
"4509",0
"4510",2
"4511",1.79999995231628
"4512",0.200000002980232
"4513",2.40000009536743
"4514",1.79999995231628
"4515",0
"4516",0.5
"4517",0
"4518",0
"4519",0.5
"4520",0
"4521",0.100000001490116
"4522",0
"4523",0.100000001490116
"4524",3.5
"4525",12.8999996185303
"4526",82.5999984741211
"4527",0.800000011920929
"4528",0
"4529",0
"4530",0
"4531",0
"4532",0.100000001490116
"4533",0.800000011920929
"4534",1.60000002384186
"4535",0.5
"4536",0.899999976158142
"4537",1.10000002384186
"4538",0
"4539",0
"4540",0
"4541",0
"4542",0.5
"4543",5.69999980926514
"4544",0.800000011920929
"4545",4.90000009536743
"4546",14.3999996185303
"4547",0.899999976158142
"4548",0.200000002980232
"4549",0.200000002980232
"4550",4.69999980926514
"4551",0.200000002980232
"4552",0.899999976158142
"4553",0.100000001490116
"4554",0.200000002980232
"4555",1.29999995231628
"4556",3.70000004768372
"4557",0
"4558",0
"4559",0.100000001490116
"4560",0
"4561",1.10000002384186
"4562",0.200000002980232
"4563",0.5
"4564",0.100000001490116
"4565",0
"4566",0.100000001490116
"4567",0
"4568",0
"4569",0
"4570",0
"4571",0
"4572",2.79999995231628
"4573",0
"4574",1.39999997615814
"4575",0.100000001490116
"4576",0.200000002980232
"4577",0.800000011920929
"4578",0.300000011920929
"4579",0
"4580",0
"4581",0.5
"4582",0.400000005960464
"4583",0.100000001490116
"4584",0
"4585",0
"4586",0.100000001490116
"4587",0
"4588",5.5
"4589",0
"4590",1.70000004768372
"4591",4.30000019073486
"4592",0.5
"4593",2.40000009536743
"4594",0.800000011920929
"4595",0
"4596",0.200000002980232
"4597",0
"4598",6.80000019073486
"4599",1.29999995231628
"4600",0
"4601",1.39999997615814
"4602",8.69999980926514
"4603",0.100000001490116
"4604",0.400000005960464
"4605",0
"4606",0.100000001490116
"4607",0.5
"4608",0.100000001490116
"4609",0.100000001490116
"4610",4.40000009536743
"4611",2.70000004768372
"4612",0
"4613",0
"4614",0.600000023841858
"4615",0
"4616",0
"4617",0.300000011920929
"4618",1.29999995231628
"4619",0.100000001490116
"4620",0.200000002980232
"4621",0.100000001490116
"4622",0
"4623",2.20000004768372
"4624",0.400000005960464
"4625",0.100000001490116
"4626",0
"4627",0
"4628",0
"4629",0.200000002980232
"4630",0
"4631",3.90000009536743
"4632",0
"4633",0
"4634",3.29999995231628
"4635",0
"4636",0.800000011920929
"4637",0.300000011920929
"4638",1.29999995231628
"4639",0
"4640",0.899999976158142
"4641",0.899999976158142
"4642",2.70000004768372
"4643",1.20000004768372
"4644",9.10000038146973
"4645",12.6999998092651
"4646",0.699999988079071
"4647",5.40000009536743
"4648",0.300000011920929
"4649",0
"4650",0
"4651",1.60000002384186
"4652",3
"4653",1.79999995231628
"4654",0.100000001490116
"4655",0
"4656",0
"4657",0
"4658",0
"4659",0
"4660",0
"4661",0.300000011920929
"4662",0.100000001490116
"4663",8
"4664",2.09999990463257
"4665",0.100000001490116
"4666",3.5
"4667",0
"4668",0
"4669",0
"4670",3.20000004768372
"4671",0
"4672",1.29999995231628
"4673",2.40000009536743
"4674",0.100000001490116
"4675",7
"4676",0
"4677",0.100000001490116
"4678",6
"4679",7.09999990463257
"4680",4.09999990463257
"4681",0.100000001490116
"4682",0
"4683",0
"4684",0.200000002980232
"4685",6.30000019073486
"4686",2.70000004768372
"4687",0.100000001490116
"4688",0
"4689",0
"4690",2
"4691",0.200000002980232
"4692",0
"4693",12.6999998092651
"4694",15.1999998092651
"4695",0
"4696",0
"4697",0.200000002980232
"4698",0
"4699",0.200000002980232
"4700",0.300000011920929
"4701",1.20000004768372
"4702",0
"4703",0.300000011920929
"4704",0
"4705",0
"4706",0.100000001490116
"4707",0
"4708",0
"4709",0
"4710",0
"4711",0
"4712",0.200000002980232
"4713",0
"4714",0
"4715",0
"4716",0
"4717",0
"4718",0.400000005960464
"4719",1.39999997615814
"4720",0.400000005960464
"4721",0
"4722",0
"4723",5.80000019073486
"4724",0
"4725",0
"4726",0
"4727",0
"4728",0.200000002980232
"4729",7
"4730",4.90000009536743
"4731",0.400000005960464
"4732",0
"4733",0.100000001490116
"4734",1.60000002384186
"4735",0.100000001490116
"4736",0
"4737",0
"4738",0.800000011920929
"4739",3
"4740",0.300000011920929
"4741",0
"4742",8
"4743",0
"4744",0
"4745",0
"4746",0
"4747",0.400000005960464
"4748",0.100000001490116
"4749",0
"4750",0
"4751",0
"4752",0
"4753",0
"4754",0.200000002980232
"4755",0
"4756",6.5
"4757",0
"4758",0
"4759",0
"4760",0
"4761",0
"4762",0
"4763",0
"4764",2.40000009536743
"4765",0
"4766",0
"4767",0
"4768",0.400000005960464
"4769",0.800000011920929
"4770",0.600000023841858
"4771",2.29999995231628
"4772",6.90000009536743
"4773",2.40000009536743
"4774",0
"4775",0
"4776",5
"4777",17.8999996185303
"4778",0.100000001490116
"4779",0
"4780",0.100000001490116
"4781",0
"4782",0
"4783",0
"4784",0
"4785",0
"4786",0.300000011920929
"4787",0
"4788",0
"4789",0
"4790",0.100000001490116
"4791",0
"4792",0
"4793",0
"4794",0
"4795",3.59999990463257
"4796",2.59999990463257
"4797",0
"4798",0
"4799",2
"4800",0
"4801",0.600000023841858
"4802",0.699999988079071
"4803",11.5
"4804",25.5
"4805",0
"4806",0
"4807",0
"4808",0
"4809",0
"4810",0
"4811",0.100000001490116
"4812",1.5
"4813",0.200000002980232
"4814",0
"4815",3.09999990463257
"4816",0.899999976158142
"4817",0.200000002980232
"4818",0
"4819",0
"4820",0.200000002980232
"4821",14.8999996185303
"4822",0.200000002980232
"4823",0
"4824",0
"4825",0
"4826",5.40000009536743
"4827",0.600000023841858
"4828",2
"4829",1.5
"4830",0
"4831",0
"4832",0
"4833",2.20000004768372
"4834",0
"4835",0.200000002980232
"4836",0
"4837",0.699999988079071
"4838",0.300000011920929
"4839",0
"4840",0
"4841",0
"4842",0
"4843",0
"4844",8.10000038146973
"4845",0.200000002980232
"4846",1.10000002384186
"4847",0.200000002980232
"4848",0.600000023841858
"4849",0
"4850",0
"4851",0.100000001490116
"4852",0.100000001490116
"4853",0.600000023841858
"4854",5.5
"4855",4.5
"4856",2.70000004768372
"4857",0.100000001490116
"4858",0.400000005960464
"4859",0.100000001490116
"4860",0.100000001490116
"4861",1.10000002384186
"4862",0.100000001490116
"4863",3
"4864",0
"4865",0
"4866",0
"4867",0.200000002980232
"4868",0
"4869",5.19999980926514
"4870",0
"4871",0
"4872",0
"4873",0
"4874",0
"4875",0.200000002980232
"4876",0
"4877",0
"4878",0
"4879",0.300000011920929
"4880",0
"4881",7.40000009536743
"4882",4.09999990463257
"4883",2.90000009536743
"4884",0.5
"4885",0
"4886",0.100000001490116
"4887",0
"4888",0.300000011920929
"4889",0
"4890",0
"4891",0
"4892",0
"4893",0
"4894",0
"4895",0
"4896",0.200000002980232
"4897",0.100000001490116
"4898",0.699999988079071
"4899",0
"4900",0
"4901",0
"4902",0
"4903",4.40000009536743
"4904",0
"4905",0
"4906",0
"4907",0
"4908",0
"4909",6.09999990463257
"4910",3.59999990463257
"4911",8
"4912",6.19999980926514
"4913",4
"4914",4.90000009536743
"4915",2.09999990463257
"4916",0.899999976158142
"4917",0
"4918",0.200000002980232
"4919",0.100000001490116
"4920",0.100000001490116
"4921",0
"4922",4.80000019073486
"4923",0.600000023841858
"4924",0.100000001490116
"4925",0
"4926",0
"4927",0
"4928",1.5
"4929",2.20000004768372
"4930",1.5
"4931",2.29999995231628
"4932",3.79999995231628
"4933",2.09999990463257
"4934",0
"4935",0
"4936",0.100000001490116
"4937",0
"4938",0
"4939",0
"4940",1.20000004768372
"4941",2.5
"4942",0.699999988079071
"4943",0
"4944",0.100000001490116
"4945",0
"4946",0.100000001490116
"4947",16.7000007629395
"4948",40.2000007629395
"4949",1.60000002384186
"4950",0.300000011920929
"4951",0.400000005960464
"4952",0.300000011920929
"4953",0
"4954",0
"4955",0
"4956",1.20000004768372
"4957",0
"4958",0.200000002980232
"4959",0
"4960",1.29999995231628
"4961",0.300000011920929
"4962",0
"4963",6.80000019073486
"4964",0
"4965",1.10000002384186
"4966",2.09999990463257
"4967",0.300000011920929
"4968",2.5
"4969",0.100000001490116
"4970",0.899999976158142
"4971",16.7999992370605
"4972",16.8999996185303
"4973",0
"4974",1.89999997615814
"4975",1.5
"4976",1.5
"4977",0.100000001490116
"4978",0
"4979",0.200000002980232
"4980",0.400000005960464
"4981",1.29999995231628
"4982",0
"4983",0.600000023841858
"4984",0.100000001490116
"4985",0
"4986",0
"4987",0.400000005960464
"4988",0.100000001490116
"4989",0
"4990",0
"4991",0
"4992",0
"4993",0
"4994",0
"4995",0.800000011920929
"4996",0.400000005960464
"4997",0.100000001490116
"4998",0.200000002980232
"4999",0.800000011920929
"5000",0.600000023841858
"5001",0.400000005960464
"5002",0
"5003",0
"5004",0.100000001490116
"5005",2
"5006",20.6000003814697
"5007",10.6999998092651
"5008",1.5
"5009",0
"5010",0.5
"5011",2.09999990463257
"5012",0.100000001490116
"5013",2
"5014",0.699999988079071
"5015",8.10000038146973
"5016",3.59999990463257
"5017",1.5
"5018",0
"5019",3.79999995231628
"5020",6.19999980926514
"5021",5.59999990463257
"5022",0.100000001490116
"5023",0
"5024",0
"5025",0
"5026",0.899999976158142
"5027",0
"5028",3.70000004768372
"5029",0
"5030",0.100000001490116
"5031",1.79999995231628
"5032",1.20000004768372
"5033",0.100000001490116
"5034",0
"5035",12.1999998092651
"5036",0
"5037",0
"5038",0
"5039",3.29999995231628
"5040",0.5
"5041",1.10000002384186
"5042",3.59999990463257
"5043",0
"5044",0.400000005960464
"5045",0
"5046",0
"5047",1
"5048",0.300000011920929
"5049",0
"5050",0
"5051",0.100000001490116
"5052",1.29999995231628
"5053",2.70000004768372
"5054",0
"5055",0.100000001490116
"5056",1.20000004768372
"5057",13.1999998092651
"5058",28.2000007629395
"5059",0.5
"5060",3.90000009536743
"5061",2.70000004768372
"5062",44.2000007629395
"5063",13
"5064",2
"5065",0.100000001490116
"5066",0
"5067",0
"5068",0
"5069",7.59999990463257
"5070",5.40000009536743
"5071",17.8999996185303
"5072",0.300000011920929
"5073",18
"5074",6.59999990463257
"5075",0
"5076",0.200000002980232
"5077",5.19999980926514
"5078",1.89999997615814
"5079",0.699999988079071
"5080",0.100000001490116
"5081",0
"5082",0
"5083",2
"5084",1.29999995231628
"5085",1.29999995231628
"5086",0.100000001490116
"5087",0.200000002980232
"5088",0.300000011920929
"5089",0
"5090",0
"5091",0.699999988079071
"5092",0.5
"5093",0.100000001490116
"5094",0.5
"5095",0
"5096",0
"5097",0.200000002980232
"5098",0
"5099",0.400000005960464
"5100",1.20000004768372
"5101",1.5
"5102",10.1999998092651
"5103",0.300000011920929
"5104",0
"5105",0
"5106",0.100000001490116
"5107",0
"5108",0
"5109",0
"5110",0
